{"_step":31,"step":232,"_wandb":{"runtime":26},"train_acc":84.5291519165039,"val_loss":0.425176203250885,"_runtime":26.8641555,"train_loss":0.4004145860671997,"_timestamp":1.732899902347409e+09,"val_acc":79.4871826171875}