{"val_loss":0.37134528160095215,"train_loss":0.3263620138168335,"_step":20,"_runtime":10.502188199999999,"_timestamp":1.7330609116236162e+09,"train_acc":88.14655303955078,"val_acc":81.19657897949219,"step":290,"_wandb":{"runtime":10},"test_accuracy":0.7669902912621359}