{"_timestamp":1.7332355912542136e+09,"_runtime":24.0871814,"_step":0,"_wandb":{"runtime":39},"Test_accuracy":0.8543689320388349}