{"train_loss":0.13867105543613434,"val_acc":92.30769348144531,"train_acc":96.12068939208984,"_timestamp":1.732973924311547e+09,"val_loss":0.2494521141052246,"_wandb":{"runtime":21},"_step":19,"_runtime":21.5477777,"step":290}