{"val_loss":0.40149128437042236,"_runtime":8.1533414,"_timestamp":1.7330440102148588e+09,"_wandb":{"runtime":8},"train_loss":0.16140490770339966,"train_acc":96.18833923339844,"step":290,"_step":19,"val_acc":77.77777862548828}