{"val_acc":88.8888931274414,"step":290,"test_accuracy":0.7864077669902912,"_wandb":{"runtime":24},"_runtime":24.7725325,"train_loss":0.2517879009246826,"train_acc":91.86813354492188,"val_loss":0.2812367081642151,"_timestamp":1.7330630410654154e+09,"_step":20}