{"val_acc":86.32478332519531,"_runtime":23.2416719,"train_acc":90.989013671875,"_timestamp":1.7330637174613588e+09,"test_accuracy":0.7766990291262136,"step":290,"_step":20,"_wandb":{"runtime":23},"train_loss":0.24559243023395538,"val_loss":0.3142942190170288}