{"train_acc":92.45689392089844,"step":290,"_step":19,"val_acc":82.05128479003906,"val_loss":0.4275866448879242,"_runtime":8.9889876,"_wandb":{"runtime":9},"train_loss":0.34971684217453003,"_timestamp":1.7329786069857883e+09}