{"val_acc":88.03418731689453,"train_loss":0.16808857023715973,"step":290,"val_loss":0.3360527753829956,"_runtime":10.2460651,"_wandb":{"runtime":10},"_step":20,"test_accuracy":0.8155339805825242,"_timestamp":1.733060150888918e+09,"train_acc":95.73991394042969}