{"train_loss":0.11417561769485474,"val_acc":88.03418731689453,"train_acc":96.33621215820312,"test_accuracy":0.8252427184466019,"_timestamp":1.7330621408901143e+09,"val_loss":0.24731853604316711,"_wandb":{"runtime":25},"_step":20,"step":290,"_runtime":25.4274132}