{"train_acc":85.4945068359375,"_runtime":13.0170414,"_timestamp":1.7329721111496253e+09,"_wandb":{"runtime":13},"step":290,"val_acc":89.74359130859375,"train_loss":0.33764928579330444,"_step":9,"val_loss":0.2865721881389618}