{"val_acc":90.5982894897461,"train_acc":92.70329284667969,"_step":5,"train_loss":0.35772472620010376,"val_loss":0.383827805519104,"_timestamp":1.7327349241267447e+09,"_wandb":{"runtime":16},"_runtime":16.7675237,"step":870}