{"val_loss":0.2825314998626709,"_timestamp":1.7329843487293072e+09,"val_acc":82.9059829711914,"train_loss":0.22463783621788025,"_runtime":37.481165,"train_acc":93.62637329101562,"_wandb":{"runtime":38},"step":290,"_step":19}