{"_timestamp":1.732976455929608e+09,"train_loss":0.337899774312973,"step":290,"_runtime":8.4704787,"_wandb":{"runtime":8},"_step":19,"train_acc":92.96703338623047,"val_acc":82.9059829711914,"val_loss":0.44248998165130615}