{"val_loss":0.2837834656238556,"train_loss":0.30403846502304077,"_wandb":{"runtime":31},"step":290,"val_acc":88.8888931274414,"_runtime":31.5493351,"_timestamp":1.7328998029604297e+09,"_step":39,"train_acc":87.9120864868164}