{"step":290,"_timestamp":1.7329720067094612e+09,"_step":9,"val_loss":0.28505611419677734,"train_loss":0.17354170978069305,"val_acc":86.32478332519531,"train_acc":93.4065933227539,"_wandb":{"runtime":12},"_runtime":12.6947767}