{"step":290,"train_loss":0.1836879402399063,"_runtime":51.7112042,"val_acc":90.5982894897461,"_wandb":{"runtime":51},"_timestamp":1.733067331442918e+09,"_step":20,"train_acc":95.6043930053711,"val_loss":0.20145396888256073,"test_accuracy":0.7669902912621359}