{"train_acc":86.15384674072266,"_wandb":{"runtime":12},"_timestamp":1.732971783863509e+09,"val_acc":84.61538696289062,"val_loss":0.3307560682296753,"_step":9,"_runtime":12.7565873,"step":290,"train_loss":0.3185456097126007}