{"_wandb":{"runtime":8},"_timestamp":1.7329771347649205e+09,"train_acc":93.18681335449219,"train_loss":0.30218786001205444,"val_loss":0.45210298895835876,"_runtime":7.9555988,"_step":19,"val_acc":84.61538696289062,"step":290}