{"_timestamp":1.7330545049255188e+09,"_step":19,"train_acc":91.37931060791016,"val_loss":0.38159826397895813,"_runtime":8.181282,"_wandb":{"runtime":8},"train_loss":0.25437313318252563,"val_acc":86.32478332519531,"step":290}