{"train_acc":100,"_timestamp":1.7332553716403658e+09,"step":290,"_runtime":68.4626357,"val_acc":86.32478332519531,"_wandb":{"runtime":69},"val_loss":0.3984982669353485,"train_loss":0.020088130608201027,"_step":59}