{"val_loss":0.3480013906955719,"val_acc":82.9059829711914,"_timestamp":1.733046613175464e+09,"train_loss":0.1245509460568428,"train_acc":96.8609848022461,"_wandb":{"runtime":36},"_runtime":35.4882599,"_step":19,"step":290}