{"_step":19,"step":290,"_timestamp":1.732979406202312e+09,"val_loss":0.30735182762145996,"val_acc":85.47008514404297,"train_acc":94.72527313232422,"_wandb":{"runtime":21},"train_loss":0.15111349523067474,"_runtime":21.0520001}