{"_runtime":36.9987614,"train_loss":0.20358701050281525,"_step":19,"_timestamp":1.7329820088179715e+09,"_wandb":{"runtime":37},"train_acc":93.84615325927734,"val_acc":88.03418731689453,"val_loss":0.2736572027206421,"step":290}