{"val_acc":87.17948913574219,"val_loss":0.29238536953926086,"_step":19,"step":290,"_wandb":{"runtime":39},"train_acc":93.31896209716797,"_timestamp":1.7329853761611373e+09,"_runtime":38.9045976,"train_loss":0.22826984524726868}