{"_runtime":50.2469114,"_timestamp":1.7327334971097436e+09,"val_acc":92.30769348144531,"train_loss":0.11269935220479965,"step":1450,"_step":9,"train_acc":96.92308044433594,"_wandb":{"runtime":50},"val_loss":0.19553673267364502}