{"_timestamp":1.7330504965584166e+09,"_step":19,"val_acc":91.45299530029297,"val_loss":0.28685036301612854,"step":290,"train_acc":97.36264038085938,"_runtime":8.331978,"train_loss":0.14890353381633759,"_wandb":{"runtime":8}}