{"_timestamp":1.7330547858768523e+09,"_step":19,"_runtime":8.2588653,"_wandb":{"runtime":8},"step":290,"train_loss":0.34472769498825073,"val_acc":86.32478332519531,"val_loss":0.41937291622161865,"train_acc":89.46188354492188}