{"_runtime":67.780118,"train_loss":0.014094268903136253,"_timestamp":1.7332972184697773e+09,"_step":59,"train_acc":100,"_wandb":{"runtime":68},"val_acc":82.9059829711914,"val_loss":0.3325866758823395,"step":290}