{"_timestamp":1.7329742094894924e+09,"_wandb":{"runtime":21},"val_acc":87.17948913574219,"val_loss":0.2663063406944275,"train_loss":0.1470867544412613,"train_acc":94.61883544921875,"_runtime":21.6575962,"step":290,"_step":19}