{"val_acc":88.8888931274414,"val_loss":0.25502943992614746,"step":870,"train_loss":0.11316084861755371,"_step":5,"_runtime":27.3580058,"train_acc":96.74725341796875,"_wandb":{"runtime":27},"_timestamp":1.732880297987543e+09}