{"val_loss":0.4851517677307129,"step":290,"_wandb":{"runtime":12},"_timestamp":1.7330597304197912e+09,"test_accuracy":0.7669902912621359,"_runtime":12.360788,"_step":20,"train_acc":89.010986328125,"train_loss":0.45195919275283813,"val_acc":86.32478332519531}