{"_wandb":{"runtime":21},"train_loss":0.36286184191703796,"_timestamp":1.7329805217419229e+09,"val_loss":0.32798463106155396,"_step":19,"val_acc":89.74359130859375,"_runtime":21.4865576,"train_acc":85.05494689941406,"step":290}