{"_step":19,"_wandb":{"runtime":21},"train_loss":0.1718900501728058,"train_acc":94.28571319580078,"step":290,"_runtime":21.2573791,"val_loss":0.26212406158447266,"_timestamp":1.732980184079245e+09,"val_acc":87.17948913574219}