{"_runtime":35.7094795,"val_loss":0.324769526720047,"_step":19,"step":290,"_timestamp":1.7330579613810308e+09,"val_acc":85.47008514404297,"train_acc":84.61538696289062,"_wandb":{"runtime":36},"train_loss":0.3408069610595703}