{"_step":19,"step":290,"_runtime":35.4026404,"train_acc":97.14286041259766,"_wandb":{"runtime":36},"_timestamp":1.7330477744439118e+09,"train_loss":0.13044273853302002,"val_acc":90.5982894897461,"val_loss":0.23870669305324554}