{"train_loss":0.05808943510055542,"val_acc":87.17948913574219,"_runtime":32.4910358,"_wandb":{"runtime":32},"val_loss":0.4180235266685486,"_timestamp":1.732880261799945e+09,"step":870,"_step":5,"train_acc":98.77407836914062}