{"_timestamp":1.733054225461073e+09,"val_acc":87.17948913574219,"train_loss":0.27494776248931885,"val_loss":0.3541557490825653,"step":290,"_wandb":{"runtime":10},"_step":19,"_runtime":10.7075914,"train_acc":91.25560760498047}