{"train_loss":0.3032761216163635,"val_loss":0.3118886649608612,"_wandb":{"runtime":23},"val_acc":86.32478332519531,"_runtime":23.5848327,"_step":20,"step":290,"_timestamp":1.7330630708867328e+09,"test_accuracy":0.7766990291262136,"train_acc":89.6551742553711}