{"step":290,"_timestamp":1.7330605996564415e+09,"train_acc":86.63793182373047,"_step":20,"_wandb":{"runtime":10},"train_loss":0.3437052369117737,"test_accuracy":0.7475728155339806,"val_loss":0.3770380914211273,"val_acc":83.76068115234375,"_runtime":10.3200633}