{"train_acc":94.06593322753906,"_step":19,"val_acc":88.03418731689453,"val_loss":0.25858235359191895,"_runtime":36.1599809,"_timestamp":1.7329822666916618e+09,"step":290,"train_loss":0.2240142524242401,"_wandb":{"runtime":36}}