{"_step":20,"step":290,"val_acc":79.4871826171875,"_wandb":{"runtime":11},"_timestamp":1.7330608968939974e+09,"_runtime":11.4470572,"train_acc":72.86995697021484,"val_loss":0.5031487941741943,"test_accuracy":0.7864077669902912,"train_loss":0.4728867709636688}