{"_timestamp":1.7329791466968248e+09,"_step":19,"_wandb":{"runtime":21},"train_loss":0.10315760225057602,"val_loss":0.2448757141828537,"val_acc":88.8888931274414,"train_acc":97.5824203491211,"step":290,"_runtime":21.0707469}