{"val_acc":82.9059829711914,"train_loss":0.4254492521286011,"_step":20,"train_acc":79.5964126586914,"test_accuracy":0.7766990291262136,"_timestamp":1.733061894399552e+09,"val_loss":0.41710779070854187,"step":290,"_runtime":10.6007229,"_wandb":{"runtime":10}}