{"val_acc":77.77777862548828,"_timestamp":1.733064178303105e+09,"train_loss":0.2377186119556427,"_wandb":{"runtime":23},"test_accuracy":0.7475728155339806,"train_acc":89.91031646728516,"_step":20,"step":290,"_runtime":23.7343281,"val_loss":0.5440869331359863}