{"val_loss":0.2527363896369934,"val_acc":89.74359130859375,"_runtime":21.7404622,"train_loss":0.07067841291427612,"train_acc":99.56044006347656,"_step":19,"_timestamp":1.7329736910464928e+09,"_wandb":{"runtime":21},"step":290}