{"_runtime":21.5045234,"val_acc":89.74359130859375,"train_acc":98.8789291381836,"train_loss":0.07367095351219177,"step":290,"_timestamp":1.7330559683449597e+09,"_step":19,"val_loss":0.24370859563350677,"_wandb":{"runtime":21}}