{"val_acc":86.32478332519531,"_wandb":{"runtime":21},"_step":19,"train_acc":72.42152404785156,"_timestamp":1.7329741835821977e+09,"_runtime":21.6255942,"train_loss":0.4940398335456848,"val_loss":0.5008712410926819,"step":290}