{"_step":19,"val_loss":0.46143701672554016,"_timestamp":1.7329784974753451e+09,"_runtime":8.6157603,"train_loss":0.3189866840839386,"val_acc":82.05128479003906,"_wandb":{"runtime":8},"train_acc":94.06593322753906,"step":290}