{"_timestamp":1.7329739505158453e+09,"train_acc":95.96412658691406,"val_loss":0.18999259173870087,"train_loss":0.11893606185913086,"val_acc":90.5982894897461,"_runtime":21.8690301,"step":290,"_wandb":{"runtime":21},"_step":19}