{"_timestamp":1.7329034551793678e+09,"_runtime":34.6167822,"val_loss":0.2353072613477707,"step":870,"_wandb":{"runtime":34},"train_acc":97.80220031738281,"_step":29,"val_acc":86.32478332519531,"train_loss":0.08172888308763504}