{"_step":19,"train_acc":91.86813354492188,"step":290,"_wandb":{"runtime":38},"train_loss":0.2832663059234619,"val_acc":85.47008514404297,"val_loss":0.321389377117157,"_timestamp":1.73298439017005e+09,"_runtime":37.2118393}