{"val_acc":91.45299530029297,"step":290,"_runtime":22.0232621,"train_acc":99.56044006347656,"_wandb":{"runtime":22},"_timestamp":1.73304582807012e+09,"_step":19,"val_loss":0.24235205352306366,"train_loss":0.02879878133535385}