{"_timestamp":1.73304376013453e+09,"_runtime":8.1863769,"val_acc":90.5982894897461,"val_loss":0.2800213098526001,"step":290,"train_acc":97.80220031738281,"_step":19,"train_loss":0.16053110361099243,"_wandb":{"runtime":8}}