{"val_acc":84.61538696289062,"val_loss":0.3830079734325409,"step":290,"_runtime":21.4871864,"_step":19,"train_acc":84.91378784179688,"train_loss":0.3232009708881378,"_timestamp":1.7329809107432594e+09,"_wandb":{"runtime":21}}