{"step":290,"_timestamp":1.732973562005745e+09,"_runtime":22.3561369,"_wandb":{"runtime":22},"_step":19,"train_acc":90.58296203613281,"train_loss":0.24617865681648254,"val_acc":83.76068115234375,"val_loss":0.3347121477127075}