{"test_accuracy":0.8155339805825242,"train_acc":97.80220031738281,"val_acc":87.17948913574219,"step":290,"_wandb":{"runtime":52},"_runtime":52.7083188,"_step":20,"train_loss":0.11423942446708679,"val_loss":0.26977989077568054,"_timestamp":1.7330655695742989e+09}