{"_timestamp":1.732981781719186e+09,"val_loss":0.30731016397476196,"_step":19,"step":290,"train_loss":0.27326148748397827,"val_acc":85.47008514404297,"_runtime":37.4277688,"_wandb":{"runtime":38},"train_acc":90.13452911376953}