{"_timestamp":1.7329847733443966e+09,"train_acc":93.96551513671875,"step":290,"train_loss":0.20210887491703033,"val_loss":0.265112042427063,"val_acc":87.17948913574219,"_runtime":36.4493776,"_wandb":{"runtime":37},"_step":19}