{"train_loss":0.13202711939811707,"_runtime":35.7091458,"_wandb":{"runtime":36},"step":290,"train_acc":97.5824203491211,"val_acc":88.8888931274414,"val_loss":0.2643090784549713,"_timestamp":1.7330463645231254e+09,"_step":19}