{"_timestamp":1.7330456210800524e+09,"_step":19,"step":290,"_wandb":{"runtime":22},"train_acc":87.4439468383789,"val_loss":0.2578200697898865,"_runtime":22.1592305,"train_loss":0.3477470278739929,"val_acc":90.5982894897461}