{"step":290,"_timestamp":1.7330456984424949e+09,"_runtime":21.8831929,"_wandb":{"runtime":21},"val_acc":83.76068115234375,"train_loss":0.3401282727718353,"_step":19,"train_acc":87.93103790283203,"val_loss":0.41746819019317627}