{"train_loss":0.11838791519403458,"train_acc":98.46154022216797,"_wandb":{"runtime":36},"val_acc":89.74359130859375,"step":290,"_runtime":35.6686268,"_step":19,"_timestamp":1.7330478160266144e+09,"val_loss":0.20579273998737335}