{"val_loss":0.47024327516555786,"step":290,"train_acc":87.21973419189453,"_timestamp":1.733061285738403e+09,"_wandb":{"runtime":10},"_step":20,"train_loss":0.41456568241119385,"_runtime":10.215034,"val_acc":86.32478332519531,"test_accuracy":0.7766990291262136}