{"_wandb":{"runtime":38},"_timestamp":1.7329821022261772e+09,"_runtime":37.5592054,"train_acc":93.53448486328125,"train_loss":0.23381307721138,"step":290,"_step":19,"val_acc":89.74359130859375,"val_loss":0.2844044864177704}