{"val_loss":0.32458335161209106,"_wandb":{"runtime":8},"val_acc":85.47008514404297,"_timestamp":1.7330544533523357e+09,"train_acc":96.92308044433594,"train_loss":0.18042029440402985,"step":290,"_step":19,"_runtime":8.5306831}