{"step":290,"val_loss":0.3206601142883301,"train_acc":96.04395294189453,"_timestamp":1.7329792504722097e+09,"train_loss":0.12191176414489746,"val_acc":87.17948913574219,"_step":19,"_runtime":21.0521679,"_wandb":{"runtime":21}}