{"_runtime":8.4901431,"val_acc":88.8888931274414,"step":290,"train_acc":96.92308044433594,"val_loss":0.2872019112110138,"_step":19,"train_loss":0.13222071528434753,"_wandb":{"runtime":8},"_timestamp":1.7330441509766333e+09}