{"val_loss":0.39819639921188354,"step":290,"_wandb":{"runtime":37},"_timestamp":1.732981303492416e+09,"_step":19,"val_acc":83.76068115234375,"_runtime":36.1065031,"train_acc":90.32967376708984,"train_loss":0.2630438506603241}