{"_wandb":{"runtime":8},"_timestamp":1.733054422288821e+09,"train_loss":0.2688949704170227,"val_loss":0.3963607847690582,"val_acc":86.32478332519531,"_runtime":8.5839326,"train_acc":92.37667846679688,"step":290,"_step":19}