{"train_acc":93.84615325927734,"_wandb":{"runtime":8},"val_acc":86.32478332519531,"val_loss":0.40160006284713745,"_runtime":8.7171326,"_step":19,"_timestamp":1.7329771666547976e+09,"step":290,"train_loss":0.31443971395492554}