{"step":290,"_runtime":8.1476951,"train_loss":0.15590763092041016,"_wandb":{"runtime":8},"_step":19,"val_loss":0.3620798587799072,"_timestamp":1.733050069386883e+09,"val_acc":82.9059829711914,"train_acc":95.82417297363281}