{"_wandb":{"runtime":52},"step":290,"train_acc":99.35344696044922,"_step":20,"train_loss":0.07245097309350967,"test_accuracy":0.7766990291262136,"_timestamp":1.7330697781114292e+09,"val_acc":89.74359130859375,"val_loss":0.2514510154724121,"_runtime":52.4055701}