{"_step":19,"step":290,"val_acc":85.47008514404297,"val_loss":0.3358498811721802,"_timestamp":1.7330580446485693e+09,"train_loss":0.27997803688049316,"_runtime":35.7894984,"_wandb":{"runtime":36},"train_acc":88.13186645507812}