{"train_acc":91.37931060791016,"test_accuracy":0.7378640776699029,"step":290,"train_loss":0.28254997730255127,"_step":20,"_timestamp":1.733060135592285e+09,"_wandb":{"runtime":10},"val_acc":86.32478332519531,"val_loss":0.34674951434135437,"_runtime":10.49337}