{"step":290,"train_acc":85.71428680419922,"_timestamp":1.7329811708395593e+09,"train_loss":0.33537834882736206,"_runtime":22.2130447,"_step":19,"_wandb":{"runtime":22},"val_acc":82.9059829711914,"val_loss":0.38319897651672363}