{"_timestamp":1.733068354668582e+09,"val_acc":86.32478332519531,"_wandb":{"runtime":52},"_runtime":52.2407119,"train_acc":95.47413635253906,"train_loss":0.18668852746486664,"test_accuracy":0.8155339805825242,"step":290,"_step":20,"val_loss":0.32157614827156067}