{"_timestamp":1.7329795618170774e+09,"val_loss":0.3268723487854004,"_wandb":{"runtime":21},"train_loss":0.3450123369693756,"_step":19,"_runtime":21.0430322,"val_acc":85.47008514404297,"train_acc":86.77130126953125,"step":290}