{"_timestamp":1.7329781536133757e+09,"_step":19,"_wandb":{"runtime":8},"train_loss":0.327709436416626,"step":290,"val_acc":82.05128479003906,"val_loss":0.44134455919265747,"train_acc":92.96703338623047,"_runtime":8.6165451}