{"_timestamp":1.7329717633735163e+09,"_wandb":{"runtime":13},"val_acc":83.76068115234375,"_runtime":13.0841593,"train_acc":87.47252655029297,"step":290,"_step":9,"train_loss":0.32385870814323425,"val_loss":0.3280121982097626}