{"step":290,"_timestamp":1.7329774950190485e+09,"_runtime":8.7053528,"val_loss":0.40569987893104553,"train_acc":96.12068939208984,"train_loss":0.3228236138820648,"_step":19,"val_acc":90.5982894897461,"_wandb":{"runtime":8}}