{"_wandb":{"runtime":10},"val_loss":0.3477134704589844,"val_acc":85.47008514404297,"_runtime":10.8503442,"step":290,"_timestamp":1.733060428686813e+09,"test_accuracy":0.7378640776699029,"train_loss":0.2435215562582016,"train_acc":92.82511138916016,"_step":20}