{"val_acc":87.17948913574219,"step":290,"_timestamp":1.7329771974305427e+09,"val_loss":0.4100536108016968,"train_acc":96.26373291015625,"_runtime":8.3198918,"_wandb":{"runtime":8},"train_loss":0.27191802859306335,"_step":19}