{"_timestamp":1.7330607403325253e+09,"train_loss":0.2772529423236847,"_wandb":{"runtime":10},"val_acc":87.17948913574219,"train_acc":91.16378784179688,"val_loss":0.3505769670009613,"step":290,"_runtime":10.7133114,"_step":20,"test_accuracy":0.8058252427184466}