{"train_acc":84.304931640625,"val_acc":82.9059829711914,"_timestamp":1.7330545206775446e+09,"step":290,"_wandb":{"runtime":8},"_runtime":8.0773502,"_step":19,"train_loss":0.4300849437713623,"val_loss":0.46376943588256836}