{"val_acc":88.03418731689453,"test_accuracy":0.7669902912621359,"val_loss":0.45210662484169006,"_timestamp":1.733067559256499e+09,"_runtime":52.0817679,"train_loss":0.14848724007606506,"step":290,"_step":20,"_wandb":{"runtime":52},"train_acc":96.63677215576172}