{"train_loss":0.33042213320732117,"_step":19,"val_loss":0.4594687819480896,"train_acc":94.82758331298828,"step":290,"_timestamp":1.7329770751346765e+09,"val_acc":81.19657897949219,"_wandb":{"runtime":11},"_runtime":11.0195799}