{"step":290,"_runtime":8.4579844,"_wandb":{"runtime":8},"val_acc":82.05128479003906,"_timestamp":1.7329776665098305e+09,"_step":19,"val_loss":0.46633410453796387,"train_acc":92.45689392089844,"train_loss":0.3491418957710266}