{"_step":20,"_runtime":23.4401328,"train_acc":96.4835205078125,"_wandb":{"runtime":23},"val_loss":0.30490320920944214,"test_accuracy":0.7864077669902912,"_timestamp":1.7330637798858578e+09,"val_acc":86.32478332519531,"step":290,"train_loss":0.1499958634376526}