{"step":290,"val_acc":81.19657897949219,"train_loss":0.12171278148889542,"_step":19,"_wandb":{"runtime":8},"train_acc":97.80220031738281,"_timestamp":1.7330497985285134e+09,"val_loss":0.4055907726287842,"_runtime":8.1301134}