{"train_loss":0.24731354415416718,"test_accuracy":0.7864077669902912,"_timestamp":1.7330636912438974e+09,"train_acc":92.0879135131836,"step":290,"_step":20,"_wandb":{"runtime":23},"val_loss":0.3634275794029236,"_runtime":23.3613663,"val_acc":80.34188079833984}