{"_step":59,"_timestamp":1.7329024603629007e+09,"val_acc":90.5982894897461,"_wandb":{"runtime":67},"_runtime":66.9751808,"train_acc":90.51724243164062,"step":290,"val_loss":0.300595223903656,"train_loss":0.29185447096824646}