{"step":290,"_timestamp":1.7329811451822538e+09,"_step":19,"train_acc":95.47413635253906,"_wandb":{"runtime":22},"_runtime":22.4010303,"val_acc":86.32478332519531,"train_loss":0.17775307595729828,"val_loss":0.3054918348789215}