{"step":290,"_timestamp":1.73306067818888e+09,"_runtime":10.8704739,"test_accuracy":0.8252427184466019,"_step":20,"_wandb":{"runtime":10},"train_loss":0.1829032599925995,"val_loss":0.2943366765975952,"val_acc":89.74359130859375,"train_acc":95.51569366455078}