{"train_loss":0.6220307946205139,"_runtime":21.3596589,"step":290,"train_acc":61.978023529052734,"_timestamp":1.7329808328627107e+09,"val_acc":82.9059829711914,"_wandb":{"runtime":21},"val_loss":0.6046016216278076,"_step":19}