{"_runtime":8.6100174,"_timestamp":1.7329784660927496e+09,"val_loss":0.44561514258384705,"train_acc":94.5054931640625,"step":290,"train_loss":0.3302712142467499,"_step":19,"val_acc":85.47008514404297,"_wandb":{"runtime":8}}