{"train_loss":0.14701305329799652,"val_acc":89.74359130859375,"step":290,"val_loss":0.23886744678020477,"_wandb":{"runtime":21},"_step":19,"_runtime":21.7459268,"train_acc":95.16483306884766,"_timestamp":1.7330551913622615e+09}