{"_wandb":{"runtime":10},"train_acc":76.72413635253906,"test_accuracy":0.7475728155339806,"val_loss":0.479397714138031,"_step":20,"val_acc":84.61538696289062,"step":290,"_runtime":10.2341683,"_timestamp":1.7330613324995012e+09,"train_loss":0.5169929265975952}