{"train_acc":99.78448486328125,"train_loss":0.07497692853212357,"_runtime":52.0424098,"val_loss":0.37354230880737305,"_wandb":{"runtime":52},"val_acc":86.32478332519531,"step":290,"test_accuracy":0.7766990291262136,"_step":20,"_timestamp":1.7330684682263677e+09}