{"_timestamp":1.7329783882180696e+09,"train_acc":93.31896209716797,"val_acc":85.47008514404297,"_step":19,"val_loss":0.46402794122695923,"step":290,"_runtime":8.7781255,"train_loss":0.3309585750102997,"_wandb":{"runtime":8}}