{"val_loss":0.4199811816215515,"step":290,"_timestamp":1.7329720230513008e+09,"_step":9,"val_acc":83.76068115234375,"_wandb":{"runtime":13},"_runtime":13.0335497,"train_acc":77.80220031738281,"train_loss":0.4776640236377716}