{"train_acc":93.18681335449219,"val_acc":87.17948913574219,"val_loss":0.24976082146167755,"_wandb":{"runtime":51},"_step":20,"_runtime":51.7504795,"_timestamp":1.7330680702273245e+09,"step":290,"train_loss":0.19300296902656555,"test_accuracy":0.7378640776699029}