{"train_acc":96.55171966552734,"val_loss":0.3068416118621826,"_runtime":8.0683575,"_timestamp":1.7330498298383899e+09,"_wandb":{"runtime":8},"step":290,"train_loss":0.14913131296634674,"_step":19,"val_acc":85.47008514404297}