{"_wandb":{"runtime":8},"val_loss":0.4737569987773895,"train_acc":93.04933166503906,"train_loss":0.33335667848587036,"val_acc":80.34188079833984,"_timestamp":1.7329781851897368e+09,"_step":19,"_runtime":8.7494763,"step":290}