{"_wandb":{"runtime":8},"_runtime":8.4349792,"_step":19,"train_loss":0.1908484399318695,"val_acc":89.74359130859375,"val_loss":0.2896919846534729,"step":290,"train_acc":95.51569366455078,"_timestamp":1.7330439478463714e+09}