{"_timestamp":1.733061067639785e+09,"train_acc":87.71551513671875,"val_loss":0.3535937964916229,"_runtime":10.67432,"val_acc":86.32478332519531,"_wandb":{"runtime":10},"test_accuracy":0.7572815533980582,"_step":20,"step":290,"train_loss":0.34989190101623535}