{"val_acc":91.45299530029297,"_step":19,"step":290,"_runtime":35.7080718,"_timestamp":1.733047111397038e+09,"train_acc":94.94505310058594,"val_loss":0.22323015332221985,"_wandb":{"runtime":36},"train_loss":0.20119880139827728}