{"_timestamp":1.7329738209968224e+09,"step":290,"_step":19,"_runtime":21.8286871,"_wandb":{"runtime":21},"val_acc":89.74359130859375,"val_loss":0.3018735945224762,"train_acc":95.82417297363281,"train_loss":0.14845669269561768}