{"_runtime":8.6510932,"step":290,"_step":19,"train_loss":0.30547836422920227,"val_loss":0.4652654826641083,"_wandb":{"runtime":8},"train_acc":93.9461898803711,"val_acc":77.77777862548828,"_timestamp":1.7329778551906283e+09}