{"_step":4,"val_acc":58.119659423828125,"_timestamp":1.7323763398141892e+09,"train_acc":54.5945930480957,"train_loss":0.6880902647972107,"_wandb":{"runtime":8},"step":1850,"val_loss":0.6858564615249634,"_runtime":8.9080365}