{"step":290,"val_acc":87.17948913574219,"train_loss":0.13168714940547943,"val_loss":0.26248136162757874,"_timestamp":1.7330460727638001e+09,"_runtime":34.5017833,"_step":19,"train_acc":97.085205078125,"_wandb":{"runtime":35}}