{"val_loss":0.21920157968997955,"_timestamp":1.7330550871505017e+09,"_step":19,"val_acc":92.30769348144531,"step":290,"train_acc":93.62637329101562,"_wandb":{"runtime":21},"train_loss":0.18185880780220032,"_runtime":21.5353366}