{"step":290,"train_acc":89.8901138305664,"_timestamp":1.7330576307755768e+09,"val_acc":89.74359130859375,"val_loss":0.2847832441329956,"train_loss":0.25307825207710266,"_wandb":{"runtime":37},"_runtime":36.2654816,"_step":19}