{"val_acc":82.05128479003906,"train_acc":92.74725341796875,"step":290,"val_loss":0.3538956642150879,"_timestamp":1.7330549109279838e+09,"train_loss":0.247587651014328,"_wandb":{"runtime":8},"_runtime":8.3637608,"_step":19}