{"val_acc":82.9059829711914,"val_loss":0.33479443192481995,"step":290,"_runtime":21.2813101,"_step":19,"train_acc":93.62637329101562,"train_loss":0.18880411982536316,"_wandb":{"runtime":21},"_timestamp":1.7329790173136985e+09}