{"_step":20,"train_loss":0.258446604013443,"_wandb":{"runtime":10},"train_acc":91.25560760498047,"val_loss":0.3578059673309326,"step":290,"val_acc":85.47008514404297,"test_accuracy":0.7572815533980582,"_timestamp":1.7330609738436673e+09,"_runtime":10.3937513}