{"val_acc":91.45299530029297,"train_acc":94.18103790283203,"_runtime":37.9772473,"_wandb":{"runtime":38},"_timestamp":1.732981564434154e+09,"val_loss":0.2484414428472519,"train_loss":0.20678557455539703,"step":290,"_step":19}