{"train_loss":0.2513735592365265,"test_accuracy":0.7766990291262136,"_runtime":11.4087012,"_wandb":{"runtime":11},"val_acc":83.76068115234375,"val_loss":0.35443732142448425,"step":290,"_step":20,"_timestamp":1.7330615054525354e+09,"train_acc":92.60089111328125}