{"_step":19,"_timestamp":1.7329855054184492e+09,"_wandb":{"runtime":39},"_runtime":38.8041981,"train_loss":0.24213120341300964,"train_acc":93.31896209716797,"val_acc":90.5982894897461,"step":290,"val_loss":0.2653701603412628}