{"_wandb":{"runtime":27},"_step":0,"Test_accuracy":0.8640776699029126,"_timestamp":1.7332557144746268e+09,"_runtime":24.8411662}