{"_wandb":{"runtime":36},"val_loss":0.28086960315704346,"_step":19,"_runtime":35.572274,"train_acc":99.34066009521484,"step":290,"_timestamp":1.7330578784283454e+09,"train_loss":0.07133112102746964,"val_acc":89.74359130859375}