{"_runtime":23.585962,"train_acc":90.10989379882812,"test_accuracy":0.7961165048543689,"_wandb":{"runtime":23},"_timestamp":1.733064209425246e+09,"val_loss":0.4715074598789215,"train_loss":0.2769920825958252,"val_acc":80.34188079833984,"step":290,"_step":20}