{"val_acc":82.05128479003906,"_runtime":23.5126393,"train_loss":0.1424914449453354,"_wandb":{"runtime":23},"_timestamp":1.7330643850399473e+09,"val_loss":0.36650195717811584,"train_acc":96.98275756835938,"step":290,"test_accuracy":0.7961165048543689,"_step":20}