{"_runtime":21.1428057,"train_loss":0.2747301161289215,"_wandb":{"runtime":21},"train_acc":87.69230651855469,"_timestamp":1.733055216621751e+09,"step":290,"val_loss":0.28802016377449036,"_step":19,"val_acc":87.17948913574219}