{"_runtime":8.5008532,"val_acc":88.03418731689453,"val_loss":0.3078172504901886,"_timestamp":1.7330549894315088e+09,"train_loss":0.07609671354293823,"train_acc":99.34066009521484,"step":290,"_step":19,"_wandb":{"runtime":8}}