{"step":290,"_step":19,"_wandb":{"runtime":36},"train_loss":0.23158767819404602,"train_acc":92.74725341796875,"val_acc":85.47008514404297,"val_loss":0.36697566509246826,"_timestamp":1.732981656223716e+09,"_runtime":36.1650773}