{"val_loss":0.34432733058929443,"train_loss":0.3098542392253876,"_wandb":{"runtime":10},"_step":20,"_timestamp":1.7330605373705842e+09,"val_acc":86.32478332519531,"step":290,"_runtime":10.3596822,"test_accuracy":0.8058252427184466,"train_acc":89.46188354492188}