{"val_acc":90.5982894897461,"train_acc":89.23076629638672,"val_loss":0.249642476439476,"_wandb":{"runtime":22},"train_loss":0.2931818664073944,"_timestamp":1.7330453335131671e+09,"step":290,"_step":19,"_runtime":22.1704579}