{"_wandb":{"runtime":39},"_runtime":38.4597021,"_timestamp":1.7329837488128119e+09,"train_acc":93.96551513671875,"val_loss":0.2628531754016876,"train_loss":0.2238120436668396,"_step":19,"val_acc":89.74359130859375,"step":290}