{"train_acc":98.49137878417969,"train_loss":0.12079877406358719,"_timestamp":1.7330464898444905e+09,"_wandb":{"runtime":37},"step":290,"val_acc":83.76068115234375,"_runtime":36.6277046,"val_loss":0.3121965825557709,"_step":19}