{"val_acc":81.19657897949219,"step":870,"_timestamp":1.7328889104058878e+09,"_runtime":36.331039,"train_loss":0.2167356312274933,"_wandb":{"runtime":36},"val_loss":0.33146601915359497,"train_acc":93.45055389404297,"_step":11}