{"train_loss":0.22421401739120483,"_runtime":37.4986776,"val_loss":0.3113279938697815,"step":290,"val_acc":86.32478332519531,"_timestamp":1.732981740302662e+09,"train_acc":92.52747344970703,"_wandb":{"runtime":38},"_step":19}