{"_step":19,"_runtime":36.7151638,"val_loss":0.34431007504463196,"step":290,"val_acc":86.32478332519531,"_timestamp":1.7329846906356003e+09,"_wandb":{"runtime":37},"train_loss":0.2615817189216614,"train_acc":91.81034851074219}