{"_wandb":{"runtime":52},"_runtime":52.2311808,"_step":20,"val_loss":0.37575575709342957,"step":290,"val_acc":85.47008514404297,"train_loss":0.38447099924087524,"test_accuracy":0.7572815533980582,"_timestamp":1.7330686394588158e+09,"train_acc":86.42241668701172}