{"_timestamp":1.7330632618667405e+09,"test_accuracy":0.7766990291262136,"_runtime":23.4754184,"val_loss":0.28000155091285706,"_step":20,"val_acc":90.5982894897461,"train_acc":94.72527313232422,"train_loss":0.1495911329984665,"_wandb":{"runtime":23},"step":290}