{"_step":20,"train_acc":95.16483306884766,"val_acc":82.9059829711914,"test_accuracy":0.7669902912621359,"train_loss":0.1519531011581421,"step":290,"_timestamp":1.7330650223571332e+09,"_runtime":23.54795,"_wandb":{"runtime":23},"val_loss":0.33839845657348633}