{"val_loss":0.3492746353149414,"_step":19,"_runtime":21.978608,"train_acc":86.0986557006836,"_timestamp":1.7329744170841358e+09,"val_acc":82.9059829711914,"step":290,"_wandb":{"runtime":22},"train_loss":0.31568920612335205}