{"_timestamp":1.7330502935313997e+09,"_runtime":8.2218507,"_wandb":{"runtime":8},"_step":19,"val_acc":80.34188079833984,"train_acc":95.6043930053711,"step":290,"train_loss":0.17500539124011993,"val_loss":0.4056186378002167}