{"_timestamp":1.7330439013388038e+09,"train_acc":96.4835205078125,"train_loss":0.1779913455247879,"val_acc":85.47008514404297,"_wandb":{"runtime":8},"_runtime":8.7766326,"val_loss":0.3528803288936615,"step":290,"_step":19}