{"_timestamp":1.7330440890374167e+09,"_wandb":{"runtime":8},"val_acc":85.47008514404297,"val_loss":0.31301331520080566,"step":290,"_runtime":8.7047654,"train_acc":96.4835205078125,"_step":19,"train_loss":0.17193615436553955}