{"_wandb":{"runtime":10},"_timestamp":1.7330604904300299e+09,"train_acc":93.18681335449219,"step":290,"test_accuracy":0.8058252427184466,"val_loss":0.34157904982566833,"_step":20,"train_loss":0.2468767613172531,"val_acc":88.8888931274414,"_runtime":10.2995857}