{"val_acc":85.47008514404297,"train_loss":0.0527217835187912,"val_loss":0.28203296661376953,"train_acc":99.34066009521484,"_timestamp":1.7330450074168677e+09,"_step":19,"_runtime":22.2460601,"step":290,"_wandb":{"runtime":22}}