{"val_loss":0.3067610263824463,"_wandb":{"runtime":8},"val_acc":85.47008514404297,"_step":19,"train_acc":96.55171966552734,"_runtime":8.2896353,"step":290,"_timestamp":1.7330440573757088e+09,"train_loss":0.14372242987155914}