{"train_acc":95.25862121582031,"_step":20,"val_acc":88.8888931274414,"val_loss":0.2843441963195801,"step":290,"train_loss":0.16842374205589294,"_timestamp":1.7330681271119032e+09,"test_accuracy":0.8155339805825242,"_runtime":51.9115853,"_wandb":{"runtime":51}}