{"val_loss":0.42792245745658875,"_step":19,"val_acc":83.76068115234375,"train_acc":94.39655303955078,"_wandb":{"runtime":9},"train_loss":0.3360532820224762,"_timestamp":1.7329785133229253e+09,"_runtime":8.8975041,"step":290}