{"val_acc":86.32478332519531,"val_loss":0.37194380164146423,"train_loss":0.14636442065238953,"_wandb":{"runtime":22},"_step":19,"_timestamp":1.733045595141531e+09,"train_acc":95.25862121582031,"_runtime":22.0217941,"step":290}