{"train_acc":87.06896209716797,"train_loss":0.32294005155563354,"val_acc":82.05128479003906,"_step":19,"val_loss":0.4557155966758728,"_runtime":8.2007524,"step":290,"_timestamp":1.7330543635484622e+09,"_wandb":{"runtime":8}}