{"_timestamp":1.732978310079324e+09,"train_acc":89.00862121582031,"step":290,"val_acc":80.34188079833984,"val_loss":0.5185906291007996,"_step":19,"train_loss":0.45330411195755005,"_wandb":{"runtime":8},"_runtime":8.8803433}