{"step":290,"val_acc":88.03418731689453,"_runtime":36.9723793,"train_acc":92.96703338623047,"_timestamp":1.7329852911295104e+09,"_step":19,"val_loss":0.27528059482574463,"_wandb":{"runtime":38},"train_loss":0.24310839176177979}