{"val_acc":77.77777862548828,"_runtime":8.5148716,"_step":19,"val_loss":0.5289613008499146,"step":290,"_timestamp":1.733054708237379e+09,"train_acc":80.87911987304688,"train_loss":0.45209047198295593,"_wandb":{"runtime":8}}