{"_timestamp":1.732979432459502e+09,"_runtime":21.2874408,"train_acc":94.84304809570312,"val_acc":88.03418731689453,"_step":19,"_wandb":{"runtime":21},"train_loss":0.13311584293842316,"val_loss":0.2809390425682068,"step":290}