{"_wandb":{"runtime":10},"_timestamp":1.7330615668904643e+09,"step":290,"train_acc":88.11659240722656,"train_loss":0.3434535264968872,"val_acc":84.61538696289062,"val_loss":0.4135132431983948,"test_accuracy":0.7475728155339806,"_step":20,"_runtime":10.5567513}