{"_runtime":25.9289282,"_timestamp":1.7330621102299662e+09,"val_acc":80.34188079833984,"val_loss":0.37595123052597046,"train_acc":98.06034851074219,"_step":20,"train_loss":0.08438993990421295,"step":290,"test_accuracy":0.7961165048543689,"_wandb":{"runtime":25}}