{"val_loss":0.4288029968738556,"_wandb":{"runtime":10},"train_loss":0.31989938020706177,"val_acc":78.63247680664062,"test_accuracy":0.7864077669902912,"train_acc":89.6551742553711,"_runtime":10.3688673,"_step":20,"step":290,"_timestamp":1.7330609426280112e+09}