{"train_loss":0.21284684538841248,"val_loss":0.39465004205703735,"step":290,"val_acc":82.9059829711914,"_timestamp":1.733063195112686e+09,"train_acc":92.45689392089844,"_wandb":{"runtime":23},"_step":20,"test_accuracy":0.7961165048543689,"_runtime":23.5942987}