{"step":290,"_runtime":51.3117177,"test_accuracy":0.7864077669902912,"_wandb":{"runtime":51},"_step":20,"val_loss":0.2689327299594879,"val_acc":89.74359130859375,"train_acc":93.31896209716797,"train_loss":0.2508777379989624,"_timestamp":1.7330663641368108e+09}