{"_runtime":10.7635489,"train_acc":89.45054626464844,"train_loss":0.3661978244781494,"_wandb":{"runtime":10},"val_acc":81.19657897949219,"_timestamp":1.7330537444068573e+09,"_step":19,"val_loss":0.46604490280151367,"step":290}