{"step":290,"test_accuracy":0.7961165048543689,"_step":20,"val_acc":82.9059829711914,"_timestamp":1.7330700621400268e+09,"_wandb":{"runtime":52},"val_loss":0.3509026765823364,"_runtime":52.039898,"train_acc":93.10344696044922,"train_loss":0.2387535274028778}