{"val_acc":82.9059829711914,"val_loss":0.5634221434593201,"step":290,"train_acc":68.5714340209961,"train_loss":0.5756716132164001,"_wandb":{"runtime":21},"_timestamp":1.732978965960915e+09,"_runtime":21.6883016,"_step":19}