{"val_loss":0.4195476770401001,"_timestamp":1.7329774322369022e+09,"train_acc":92.30769348144531,"_wandb":{"runtime":8},"_runtime":8.4595925,"train_loss":0.34094297885894775,"_step":19,"val_acc":82.9059829711914,"step":290}