{"val_acc":81.19657897949219,"step":290,"_timestamp":1.732978649994242e+09,"_step":19,"train_acc":83.62068939208984,"_wandb":{"runtime":23},"val_loss":0.415458619594574,"_runtime":23.5203896,"train_loss":0.3842160403728485}