{"val_acc":80.34188079833984,"_step":19,"val_loss":0.3938841223716736,"train_loss":0.39131563901901245,"step":290,"train_acc":85.77586364746094,"_timestamp":1.7330546298708024e+09,"_runtime":8.0834855,"_wandb":{"runtime":8}}