{"_runtime":34.8255194,"_step":19,"val_loss":0.5267181992530823,"train_loss":0.6058973073959351,"val_acc":79.4871826171875,"_timestamp":1.7330563853432791e+09,"step":290,"_wandb":{"runtime":35},"train_acc":65.24663543701172}