{"_step":19,"_wandb":{"runtime":38},"_runtime":37.388457700000004,"train_acc":92.96703338623047,"val_acc":88.03418731689453,"step":290,"_timestamp":1.7329837946538734e+09,"train_loss":0.24335002899169922,"val_loss":0.28212469816207886}