{"train_loss":0.22992850840091705,"_step":19,"train_acc":93.27354431152344,"_wandb":{"runtime":8},"_timestamp":1.7330442601370966e+09,"step":290,"val_loss":0.4329518675804138,"val_acc":82.9059829711914,"_runtime":8.4898606}