{"val_acc":82.05128479003906,"val_loss":0.3876602053642273,"_timestamp":1.7329723712672987e+09,"_runtime":13.1039623,"train_loss":0.1989964097738266,"step":290,"_wandb":{"runtime":13},"train_acc":92.0879135131836,"_step":9}