{"_step":20,"val_loss":0.2331642359495163,"_wandb":{"runtime":51},"_runtime":51.9494606,"val_acc":89.74359130859375,"_timestamp":1.7330689235115356e+09,"test_accuracy":0.7669902912621359,"train_acc":96.4835205078125,"train_loss":0.16566038131713867,"step":290}