{"val_loss":0.4079514741897583,"step":290,"_wandb":{"runtime":8},"train_acc":97.36264038085938,"_step":19,"_timestamp":1.733049970639575e+09,"val_acc":78.63247680664062,"_runtime":8.1151176,"train_loss":0.15776395797729492}