{"step":290,"train_acc":94.94505310058594,"val_loss":0.380298376083374,"_timestamp":1.7330503874257011e+09,"_wandb":{"runtime":8},"train_loss":0.20757019519805908,"_step":19,"_runtime":8.4551539,"val_acc":83.76068115234375}