{"_runtime":34.2106516,"val_loss":0.2660600244998932,"_step":19,"train_loss":0.09284990280866623,"_wandb":{"runtime":35},"step":290,"val_acc":88.8888931274414,"_timestamp":1.7330458658270216e+09,"train_acc":99.12088012695312}