{"_runtime":35.7384362,"_step":19,"train_acc":89.22413635253906,"_wandb":{"runtime":36},"val_loss":0.21109983325004578,"val_acc":92.30769348144531,"train_loss":0.2610797882080078,"_timestamp":1.733057795734922e+09,"step":290}