{"val_acc":91.45299530029297,"val_loss":0.27191078662872314,"step":290,"train_acc":94.61883544921875,"_wandb":{"runtime":39},"_runtime":38.1086093,"_timestamp":1.7329835105837069e+09,"_step":19,"train_loss":0.219318225979805}