{"_timestamp":1.7330612082844675e+09,"step":290,"_wandb":{"runtime":11},"train_loss":0.23084025084972382,"test_accuracy":0.7961165048543689,"_step":20,"val_acc":85.47008514404297,"train_acc":92.52747344970703,"val_loss":0.36627066135406494,"_runtime":11.0243065}