{"_runtime":12.6169386,"train_loss":0.3633406460285187,"step":290,"_timestamp":1.7329718877026784e+09,"val_loss":0.3813803493976593,"val_acc":86.32478332519531,"_wandb":{"runtime":12},"_step":9,"train_acc":84.75336456298828}