{"_wandb":{"runtime":13},"_runtime":13.2480592,"val_loss":0.38713982701301575,"_step":9,"_timestamp":1.7329714620984232e+09,"train_acc":78.02690887451172,"train_loss":0.44985392689704895,"val_acc":83.76068115234375,"step":290}