{"step":290,"_step":19,"train_acc":94.17040252685547,"train_loss":0.222626730799675,"_timestamp":1.7330581278127491e+09,"val_loss":0.28565019369125366,"_runtime":35.7714176,"val_acc":87.17948913574219,"_wandb":{"runtime":36}}