{"_step":19,"_timestamp":1.7329801322878177e+09,"val_acc":87.17948913574219,"_wandb":{"runtime":21},"val_loss":0.3781690001487732,"train_acc":88.78923797607422,"train_loss":0.28923407196998596,"step":290,"_runtime":21.2976562}