{"step":290,"_timestamp":1.7329768075289845e+09,"train_acc":98.70689392089844,"val_loss":0.26635995507240295,"_runtime":22.8282386,"val_acc":86.32478332519531,"_wandb":{"runtime":22},"_step":19,"train_loss":0.07722502201795578}