{"val_loss":0.43949994444847107,"_step":19,"step":290,"_timestamp":1.7329773538067458e+09,"_wandb":{"runtime":8},"val_acc":87.17948913574219,"train_loss":0.3426203429698944,"_runtime":8.2687004,"train_acc":92.60089111328125}