{"_timestamp":1.733061177090393e+09,"_runtime":10.9598142,"step":290,"_step":20,"_wandb":{"runtime":10},"val_acc":88.03418731689453,"test_accuracy":0.7475728155339806,"train_acc":91.16378784179688,"train_loss":0.26582735776901245,"val_loss":0.29434460401535034}