{"_wandb":{"runtime":8},"val_acc":82.9059829711914,"train_loss":0.34848275780677795,"_timestamp":1.7329783567372713e+09,"step":290,"train_acc":92.1524658203125,"val_loss":0.43041637539863586,"_runtime":8.5613542,"_step":19}