{"val_loss":0.3015216290950775,"step":290,"_wandb":{"runtime":23},"_runtime":23.5729757,"train_acc":94.06593322753906,"val_acc":88.8888931274414,"_timestamp":1.7330640748255186e+09,"test_accuracy":0.7766990291262136,"train_loss":0.18546275794506073,"_step":20}