{"_wandb":{"runtime":24},"val_loss":0.21651022136211395,"step":290,"train_loss":0.1912182718515396,"test_accuracy":0.7961165048543689,"_runtime":24.1811667,"_step":20,"val_acc":88.03418731689453,"_timestamp":1.7330627090506027e+09,"train_acc":93.62637329101562}