{"_timestamp":1.7330667621880133e+09,"_wandb":{"runtime":51},"train_acc":99.34066009521484,"test_accuracy":0.7766990291262136,"train_loss":0.0778593197464943,"step":290,"_step":20,"val_acc":79.4871826171875,"val_loss":0.4392073452472687,"_runtime":51.7043723}