{"train_loss":0.2142149806022644,"_runtime":37.7477751,"_timestamp":1.7329815128090405e+09,"_wandb":{"runtime":38},"val_acc":83.76068115234375,"val_loss":0.3507275879383087,"_step":19,"step":290,"train_acc":92.37667846679688}