{"train_acc":97.75784301757812,"step":290,"train_loss":0.12409119307994843,"_step":19,"_timestamp":1.733047857384407e+09,"_runtime":35.7115323,"_wandb":{"runtime":36},"val_acc":88.03418731689453,"val_loss":0.2903425693511963}