{"val_loss":0.2591009736061096,"step":290,"_step":20,"_runtime":23.0854266,"train_acc":94.39655303955078,"val_acc":88.03418731689453,"_wandb":{"runtime":23},"_timestamp":1.7330625265949156e+09,"train_loss":0.20523041486740112,"test_accuracy":0.7864077669902912}