{"val_loss":0.2626045346260071,"train_acc":93.18681335449219,"_step":59,"_runtime":64.0400525,"step":290,"train_loss":0.23968468606472015,"_wandb":{"runtime":64},"_timestamp":1.7329748376405253e+09,"val_acc":89.74359130859375}