{"_runtime":20.8780686,"_step":19,"val_acc":85.47008514404297,"val_loss":0.2893679141998291,"train_loss":0.12344595789909363,"train_acc":96.70330047607422,"step":290,"_timestamp":1.7330560453151245e+09,"_wandb":{"runtime":20}}