{"test_accuracy":0.7378640776699029,"train_acc":93.9461898803711,"val_acc":83.76068115234375,"_runtime":10.7276686,"_timestamp":1.7330606935956485e+09,"_step":20,"train_loss":0.23378203809261322,"val_loss":0.34925803542137146,"step":290,"_wandb":{"runtime":10}}