{"_step":19,"_runtime":21.4492852,"train_acc":99.12088012695312,"_wandb":{"runtime":21},"val_acc":86.32478332519531,"val_loss":0.32809436321258545,"step":290,"_timestamp":1.732978731002847e+09,"train_loss":0.07175088673830032}