{"_wandb":{"runtime":21},"val_loss":0.28943929076194763,"_step":19,"train_loss":0.050464604049921036,"val_acc":88.8888931274414,"step":290,"_timestamp":1.7329740798776028e+09,"_runtime":21.5094068,"train_acc":99.78022003173828}