{"val_loss":0.33479204773902893,"_runtime":10.328331,"test_accuracy":0.7961165048543689,"step":290,"train_acc":95.47413635253906,"_timestamp":1.733060927025562e+09,"train_loss":0.20947043597698212,"_step":20,"val_acc":85.47008514404297,"_wandb":{"runtime":10}}