{"_runtime":38.2442277,"_wandb":{"runtime":39},"val_acc":89.74359130859375,"train_loss":0.2097858488559723,"train_acc":94.61883544921875,"step":290,"_timestamp":1.7329836038319771e+09,"val_loss":0.2887786030769348,"_step":19}