{"step":290,"_wandb":{"runtime":8},"val_loss":0.2913561761379242,"_step":19,"train_acc":96.18833923339844,"train_loss":0.15342047810554504,"_runtime":8.0333472,"_timestamp":1.7330502621798487e+09,"val_acc":88.8888931274414}