{"train_acc":98.02198028564453,"val_loss":0.2027711123228073,"val_acc":91.45299530029297,"_timestamp":1.7330583771030498e+09,"_wandb":{"runtime":37},"step":290,"_runtime":36.645109,"_step":19,"train_loss":0.09457530081272125}