{"_step":19,"step":290,"_wandb":{"runtime":36},"train_acc":93.18681335449219,"train_loss":0.2271588295698166,"val_acc":87.17948913574219,"_timestamp":1.732976369502216e+09,"val_loss":0.37358009815216064,"_runtime":35.8672024}