{"_timestamp":1.7329779072414176e+09,"_step":19,"_wandb":{"runtime":8},"val_acc":84.61538696289062,"_runtime":8.3963357,"step":290,"train_loss":0.3355778455734253,"train_acc":94.61206817626953,"val_loss":0.45167937874794006}