{"step":290,"_timestamp":1.7329800545842376e+09,"train_acc":93.18681335449219,"_wandb":{"runtime":21},"_step":19,"val_loss":0.2568868100643158,"train_loss":0.20687001943588257,"val_acc":88.8888931274414,"_runtime":21.3792122}