{"val_acc":88.03418731689453,"_step":19,"_wandb":{"runtime":38},"val_loss":0.28554636240005493,"_timestamp":1.7329836967819607e+09,"step":290,"train_acc":91.70403289794922,"train_loss":0.275321900844574,"_runtime":38.0091549}