{"train_loss":0.14789894223213196,"val_loss":0.38011300563812256,"_wandb":{"runtime":8},"_step":19,"train_acc":97.36264038085938,"val_acc":82.05128479003906,"_timestamp":1.7330438542316206e+09,"step":290,"_runtime":8.600262}