{"step":290,"_timestamp":1.7330457246204257e+09,"_step":19,"train_loss":0.09787637740373611,"val_loss":0.32019010186195374,"_runtime":22.2198004,"train_acc":98.27586364746094,"_wandb":{"runtime":22},"val_acc":81.19657897949219}