{"_runtime":37.4857337,"_step":19,"val_acc":87.17948913574219,"train_acc":95.04310607910156,"step":290,"_timestamp":1.7329841990089037e+09,"_wandb":{"runtime":38},"val_loss":0.29403722286224365,"train_loss":0.2117370367050171}