{"step":290,"train_loss":0.13728991150856018,"_step":19,"_runtime":35.4924285,"train_acc":97.36264038085938,"val_loss":0.37484267354011536,"_wandb":{"runtime":36},"_timestamp":1.733046197789675e+09,"val_acc":82.9059829711914}