{"_timestamp":1.7329794841316862e+09,"_step":19,"step":290,"_runtime":21.170673,"train_acc":82.19779968261719,"train_loss":0.4302271902561188,"_wandb":{"runtime":21},"val_acc":87.17948913574219,"val_loss":0.3898731768131256}