{"_runtime":24.902282,"_step":0,"_wandb":{"runtime":37},"Test_accuracy":0.8252427184466019,"_timestamp":1.7332556546155088e+09}