{"_timestamp":1.7330546146979682e+09,"val_loss":0.29786190390586853,"_runtime":8.5274904,"_wandb":{"runtime":8},"_step":19,"val_acc":88.03418731689453,"step":290,"train_loss":0.2120116800069809,"train_acc":94.5054931640625}