{"step":290,"_step":19,"_wandb":{"runtime":37},"train_loss":0.2677496671676636,"_runtime":36.2590078,"train_acc":92.82511138916016,"val_acc":85.47008514404297,"val_loss":0.4084276556968689,"_timestamp":1.7329814277791274e+09}