{"_timestamp":1.7329772444819515e+09,"val_loss":0.43810293078422546,"_step":19,"val_acc":84.61538696289062,"_runtime":8.4349159,"_wandb":{"runtime":8},"step":290,"train_loss":0.3697168529033661,"train_acc":90.94828033447266}