{"test_accuracy":0.7864077669902912,"_wandb":{"runtime":10},"train_loss":0.35960766673088074,"val_acc":85.47008514404297,"val_loss":0.4107527732849121,"step":290,"train_acc":86.99552154541016,"_runtime":10.3025204,"_timestamp":1.7330616446307454e+09,"_step":20}