{"_timestamp":1.7330626508577378e+09,"test_accuracy":0.7961165048543689,"train_loss":0.1523435413837433,"val_acc":84.61538696289062,"_runtime":23.2064567,"_step":20,"_wandb":{"runtime":23},"train_acc":95.16483306884766,"val_loss":0.31504252552986145,"step":290}