{"_timestamp":1.733047194009789e+09,"_step":19,"val_acc":93.16239166259766,"val_loss":0.19812583923339844,"train_loss":0.16718946397304535,"step":290,"train_acc":96.18833923339844,"_runtime":35.3986938,"_wandb":{"runtime":36}}