{"_runtime":37.4720622,"train_loss":0.23051424324512482,"val_acc":88.03418731689453,"_step":19,"train_acc":92.52747344970703,"step":290,"_wandb":{"runtime":38},"val_loss":0.28296613693237305,"_timestamp":1.7329820507557013e+09}