{"train_loss":0.06225353106856346,"_runtime":21.7516641,"val_acc":86.32478332519531,"_timestamp":1.7330561759217162e+09,"_wandb":{"runtime":21},"val_loss":0.2747444212436676,"step":290,"train_acc":99.10314178466797,"_step":19}