{"train_loss":0.25117936730384827,"val_loss":0.22990284860134125,"_wandb":{"runtime":36},"_runtime":35.7782355,"step":290,"_timestamp":1.7329825975055544e+09,"val_acc":93.16239166259766,"_step":19,"train_acc":92.0879135131836}