{"_step":19,"val_loss":0.2708851397037506,"_runtime":21.2718148,"_wandb":{"runtime":21},"train_loss":0.056931670755147934,"train_acc":99.56044006347656,"step":290,"val_acc":88.8888931274414,"_timestamp":1.7329788615606253e+09}