{"train_acc":82.73542785644531,"val_acc":83.76068115234375,"step":290,"_runtime":12.9240047,"_wandb":{"runtime":13},"val_loss":0.3997030556201935,"_step":9,"train_loss":0.43704190850257874,"_timestamp":1.7329715657349277e+09}