{"_runtime":8.1468352,"train_loss":0.20977763831615448,"_wandb":{"runtime":8},"_step":19,"train_acc":93.31896209716797,"_timestamp":1.7330441351377292e+09,"val_acc":87.17948913574219,"val_loss":0.31508728861808777,"step":290}