{"train_acc":99.56044006347656,"_wandb":{"runtime":21},"_runtime":21.2943977,"train_loss":0.05047554895281792,"val_loss":0.3631328046321869,"step":290,"_step":19,"_timestamp":1.7330556571159747e+09,"val_acc":87.17948913574219}