{"step":290,"val_loss":0.4635927677154541,"val_acc":85.47008514404297,"train_acc":93.75,"train_loss":0.3601536154747009,"_wandb":{"runtime":8},"_timestamp":1.7329770883442628e+09,"_step":19,"_runtime":8.6588889}