{"_runtime":21.4449751,"_wandb":{"runtime":21},"train_acc":91.03138732910156,"val_loss":0.25893375277519226,"step":290,"_step":19,"val_acc":87.17948913574219,"_timestamp":1.7329739760380986e+09,"train_loss":0.23555219173431396}