{"train_acc":91.5948257446289,"_timestamp":1.733061348143793e+09,"val_acc":82.05128479003906,"step":290,"_step":20,"_wandb":{"runtime":10},"val_loss":0.41054093837738037,"train_loss":0.27422425150871277,"_runtime":10.2959362,"test_accuracy":0.7378640776699029}