{"_wandb":{"runtime":51},"val_loss":0.21306926012039185,"train_acc":97.8448257446289,"_timestamp":1.7330660237260754e+09,"test_accuracy":0.7378640776699029,"_step":20,"step":290,"val_acc":90.5982894897461,"train_loss":0.11573871970176697,"_runtime":51.6858113}