{"train_loss":0.3148495852947235,"_timestamp":1.7329722308505113e+09,"_step":9,"step":290,"train_acc":88.35164642333984,"_wandb":{"runtime":13},"_runtime":12.963356600000001,"val_loss":0.3425103425979614,"val_acc":86.32478332519531}