{"_timestamp":1.7329855531115124e+09,"train_loss":0.2154279202222824,"val_loss":0.26881831884384155,"_runtime":40.0271667,"val_acc":90.5982894897461,"step":290,"_wandb":{"runtime":40},"train_acc":95.16483306884766,"_step":19}