{"step":290,"train_loss":0.22205276787281036,"val_acc":94.87179565429688,"val_loss":0.14542974531650543,"_runtime":21.1798127,"_wandb":{"runtime":21},"_timestamp":1.7329794582623653e+09,"_step":19,"train_acc":92.52747344970703}