{"train_acc":97.5824203491211,"_timestamp":1.733063396215853e+09,"_runtime":23.3974391,"val_loss":0.2655050754547119,"_wandb":{"runtime":23},"val_acc":90.5982894897461,"_step":20,"train_loss":0.1043693870306015,"step":290,"test_accuracy":0.8058252427184466}