{"train_loss":0.3418257534503937,"val_loss":0.43349671363830566,"train_acc":92.96703338623047,"val_acc":88.8888931274414,"step":290,"_timestamp":1.7329777919739363e+09,"_wandb":{"runtime":8},"_runtime":8.5965586,"_step":19}