{"val_acc":82.05128479003906,"_step":2,"step":870,"_timestamp":1.7327332679857962e+09,"_wandb":{"runtime":38},"train_loss":0.3334116041660309,"train_acc":89.010986328125,"_runtime":37.7102041,"val_loss":0.3834916651248932}