{"_step":19,"_runtime":22.8525256,"train_acc":85.87443542480469,"val_loss":0.35396575927734375,"val_acc":87.17948913574219,"_timestamp":1.7330446194178457e+09,"train_loss":0.3452880382537842,"_wandb":{"runtime":22},"step":290}