{"val_acc":88.03418731689453,"_step":20,"train_acc":93.18681335449219,"train_loss":0.18095338344573975,"test_accuracy":0.7669902912621359,"step":290,"_runtime":23.1472927,"_wandb":{"runtime":23},"_timestamp":1.7330625007379417e+09,"val_loss":0.3291243314743042}