{"_wandb":{"runtime":10},"train_acc":78.46154022216797,"val_acc":81.19657897949219,"_runtime":10.6143439,"train_loss":0.4565136432647705,"val_loss":0.44568195939064026,"_timestamp":1.7330615825305429e+09,"step":290,"test_accuracy":0.7669902912621359,"_step":20}