{"val_loss":0.3508945107460022,"step":290,"train_loss":0.3152312934398651,"_wandb":{"runtime":22},"_step":19,"train_acc":85.12931060791016,"val_acc":84.61538696289062,"_timestamp":1.7330449815459864e+09,"_runtime":22.2967565}