{"_step":19,"train_acc":95.9051742553711,"val_loss":0.37919968366622925,"_timestamp":1.7330500017154949e+09,"_wandb":{"runtime":8},"val_acc":82.9059829711914,"step":290,"_runtime":7.9697633,"train_loss":0.17720672488212585}