{"val_loss":0.40015336871147156,"test_accuracy":0.7281553398058253,"_runtime":10.1156089,"_step":20,"train_loss":0.2640768587589264,"val_acc":80.34188079833984,"_timestamp":1.7330601976041827e+09,"train_acc":93.49775695800781,"_wandb":{"runtime":10},"step":290}