{"step":290,"_wandb":{"runtime":13},"train_acc":92.24137878417969,"train_loss":0.1979680359363556,"val_loss":0.34981632232666016,"val_acc":85.47008514404297,"_runtime":13.4427796,"_step":9,"_timestamp":1.7329716799410458e+09}