{"train_loss":0.13979558646678925,"_timestamp":1.733045750671544e+09,"train_acc":95.6043930053711,"val_acc":80.34188079833984,"val_loss":0.38581880927085876,"_step":19,"step":290,"_wandb":{"runtime":22},"_runtime":22.2938615}