{"val_acc":88.03418731689453,"val_loss":0.3589569926261902,"_wandb":{"runtime":30},"_runtime":30.0164491,"_timestamp":1.732903600625385e+09,"train_acc":100,"_step":29,"step":870,"train_loss":0.004605977330356836}