{"_timestamp":1.7330628990926628e+09,"train_loss":0.19465318322181702,"step":290,"_runtime":23.1340729,"train_acc":93.75,"val_acc":94.01709747314453,"test_accuracy":0.7961165048543689,"val_loss":0.1877194046974182,"_wandb":{"runtime":23},"_step":20}