{"train_acc":77.80268859863281,"_wandb":{"runtime":10},"train_loss":0.48367273807525635,"val_loss":0.5051082968711853,"val_acc":80.34188079833984,"test_accuracy":0.8058252427184466,"_timestamp":1.7330603973325377e+09,"_runtime":10.6970067,"_step":20,"step":290}