{"_step":19,"train_loss":0.2501288056373596,"step":290,"train_acc":90.30171966552734,"val_acc":87.17948913574219,"val_loss":0.3219989240169525,"_wandb":{"runtime":21},"_runtime":21.4591463,"_timestamp":1.73305581295042e+09}