{"_runtime":23.9534085,"val_acc":89.74359130859375,"train_loss":0.2019018828868866,"val_loss":0.25861167907714844,"step":290,"test_accuracy":0.7961165048543689,"_step":20,"_wandb":{"runtime":23},"_timestamp":1.7330643489699981e+09,"train_acc":93.62637329101562}