{"_timestamp":1.7330507037995803e+09,"_wandb":{"runtime":22},"val_acc":80.34188079833984,"train_acc":92.30769348144531,"step":290,"_step":19,"train_loss":0.22817322611808777,"_runtime":22.0734466,"val_loss":0.40335503220558167}