{"_step":20,"_timestamp":1.7330618632002866e+09,"_runtime":10.5934277,"val_loss":0.34074002504348755,"step":290,"train_loss":0.21475377678871155,"train_acc":94.82758331298828,"test_accuracy":0.7766990291262136,"_wandb":{"runtime":10},"val_acc":81.19657897949219}