{"test_accuracy":0.7961165048543689,"_runtime":10.7381952,"_wandb":{"runtime":10},"_step":20,"_timestamp":1.733060880618201e+09,"val_loss":0.33968308568000793,"step":290,"train_acc":92.30769348144531,"val_acc":88.03418731689453,"train_loss":0.24645674228668213}