{"val_acc":80.34188079833984,"val_loss":0.38899338245391846,"train_loss":0.20363524556159973,"_step":19,"_wandb":{"runtime":8},"step":290,"_runtime":8.2128042,"_timestamp":1.733054801510404e+09,"train_acc":94.06593322753906}