{"Test_accuracy":0.8446601941747572,"_timestamp":1.733232112523666e+09,"_runtime":25.5684522,"_step":0,"_wandb":{"runtime":25}}