{"step":290,"val_acc":86.32478332519531,"_step":19,"_runtime":35.9239653,"_wandb":{"runtime":36},"_timestamp":1.7330464477123427e+09,"train_loss":0.1287398487329483,"val_loss":0.28300759196281433,"train_acc":98.24176025390625}