{"_runtime":10.7137034,"train_loss":0.24577300250530243,"val_loss":0.3696965277194977,"_step":20,"_timestamp":1.7330617542062726e+09,"test_accuracy":0.7669902912621359,"_wandb":{"runtime":10},"val_acc":82.9059829711914,"step":290,"train_acc":93.18681335449219}