{"val_acc":84.61538696289062,"_runtime":8.3925842,"_wandb":{"runtime":8},"val_loss":0.4298974573612213,"step":290,"_timestamp":1.7329772288449745e+09,"_step":19,"train_acc":94.06593322753906,"train_loss":0.3148690462112427}