{"_step":19,"_wandb":{"runtime":22},"step":290,"_runtime":21.9738253,"train_acc":99.12088012695312,"train_loss":0.058816153556108475,"val_acc":87.17948913574219,"val_loss":0.3139072060585022,"_timestamp":1.7330556836601472e+09}