{"_runtime":51.6263969,"val_acc":93.16239166259766,"test_accuracy":0.8155339805825242,"_timestamp":1.7330671028712509e+09,"_step":20,"val_loss":0.17754706740379333,"train_acc":99.78022003173828,"step":290,"_wandb":{"runtime":51},"train_loss":0.048341695219278336}