{"_wandb":{"runtime":8},"train_loss":0.285663902759552,"train_acc":93.62637329101562,"step":290,"_timestamp":1.7329766950892184e+09,"val_acc":86.32478332519531,"_step":19,"val_loss":0.4059482514858246,"_runtime":8.6783707}