{"_wandb":{"runtime":23},"_runtime":23.2144076,"train_acc":94.72527313232422,"val_acc":80.34188079833984,"test_accuracy":0.7087378640776699,"train_loss":0.15811842679977417,"_timestamp":1.7330639135329466e+09,"step":290,"_step":20,"val_loss":0.49735158681869507}