{"val_acc":89.74359130859375,"train_loss":0.08623537421226501,"val_loss":0.21861092746257782,"step":290,"_timestamp":1.7330414586382954e+09,"_runtime":64.9307412,"_step":59,"_wandb":{"runtime":65},"train_acc":98.92241668701172}