{"_runtime":21.7124737,"step":290,"_timestamp":1.7329741060023596e+09,"train_acc":88.57142639160156,"_step":19,"train_loss":0.2544057071208954,"_wandb":{"runtime":21},"val_loss":0.33467647433280945,"val_acc":84.61538696289062}