{"_timestamp":1.7330470696887417e+09,"_step":19,"_wandb":{"runtime":36},"val_loss":0.3626149892807007,"step":290,"val_acc":81.19657897949219,"train_loss":0.18762534856796265,"train_acc":95.38461303710938,"_runtime":35.3493278}