{"train_loss":0.5331762433052063,"step":290,"_timestamp":1.7330576716164298e+09,"_wandb":{"runtime":36},"val_acc":83.76068115234375,"train_acc":69.8901138305664,"val_loss":0.4659459590911865,"_step":19,"_runtime":35.7733169}