{"val_acc":89.74359130859375,"_timestamp":1.7330705203983672e+09,"train_acc":81.03448486328125,"_runtime":55.3062492,"_step":20,"_wandb":{"runtime":55},"val_loss":0.2919594645500183,"step":290,"train_loss":0.4228512942790985,"test_accuracy":0.8058252427184466}