{"train_loss":0.13530710339546204,"_timestamp":1.7330406952848275e+09,"_wandb":{"runtime":67},"val_loss":0.27821028232574463,"train_acc":97.36264038085938,"_step":59,"step":290,"_runtime":66.2669223,"val_acc":82.9059829711914}