{"val_loss":0.36555206775665283,"train_acc":92.96703338623047,"step":290,"_step":19,"val_acc":87.17948913574219,"_timestamp":1.7330448000128598e+09,"train_loss":0.1900685429573059,"_wandb":{"runtime":22},"_runtime":21.9622427}