{"_wandb":{"runtime":37},"_step":19,"step":290,"val_loss":0.331284761428833,"train_loss":0.20460329949855804,"val_acc":82.05128479003906,"_runtime":36.3611252,"_timestamp":1.7329821427989905e+09,"train_acc":95.16483306884766}