{"_wandb":{"runtime":39},"val_loss":0.5005441308021545,"_step":5,"val_acc":80.34188079833984,"_runtime":39.4122022,"step":870,"_timestamp":1.7328189416213796e+09,"train_acc":91.56044006347656,"train_loss":0.3706764578819275}