{"_wandb":{"runtime":21},"train_acc":99.55156707763672,"_runtime":21.3934078,"_step":19,"val_acc":87.17948913574219,"val_loss":0.24751728773117065,"step":290,"_timestamp":1.7329799768452988e+09,"train_loss":0.04588795080780983}