{"_step":19,"train_acc":93.4065933227539,"val_loss":0.4036779999732971,"train_loss":0.2833361029624939,"_timestamp":1.7330549422292185e+09,"step":290,"val_acc":86.32478332519531,"_wandb":{"runtime":8},"_runtime":8.2845862}