{"_timestamp":1.7329832821033437e+09,"step":290,"train_loss":0.19516976177692413,"_runtime":37.7853062,"train_acc":94.5054931640625,"val_acc":91.45299530029297,"val_loss":0.2665700912475586,"_step":19,"_wandb":{"runtime":38}}