{"val_loss":0.3245851397514343,"val_acc":83.76068115234375,"_step":19,"step":290,"_wandb":{"runtime":22},"_runtime":21.9146829,"train_acc":88.34080505371094,"train_loss":0.2703031301498413,"_timestamp":1.732974235646338e+09}