{"_step":19,"val_acc":92.30769348144531,"step":290,"train_loss":0.15072119235992432,"train_acc":94.39461517333984,"_timestamp":1.7330562279919412e+09,"_runtime":22.0872772,"val_loss":0.20619839429855347,"_wandb":{"runtime":22}}