{"_timestamp":1.7329777605665815e+09,"train_acc":95.6043930053711,"val_loss":0.4757385849952698,"val_acc":81.19657897949219,"train_loss":0.31226593255996704,"_step":19,"_wandb":{"runtime":8},"_runtime":8.4163946,"step":290}