{"_wandb":{"runtime":21},"val_acc":86.32478332519531,"val_loss":0.31588229537010193,"_runtime":21.568153,"step":290,"train_acc":92.74725341796875,"train_loss":0.22782811522483826,"_timestamp":1.7329806255907376e+09,"_step":19}