{"step":290,"val_loss":0.441391259431839,"train_acc":77.36264038085938,"val_acc":84.61538696289062,"_wandb":{"runtime":13},"_timestamp":1.7329714419522128e+09,"_step":9,"_runtime":13.8348728,"train_loss":0.49320513010025024}