{"_step":20,"_wandb":{"runtime":56},"train_loss":0.21566297113895416,"val_loss":0.25279563665390015,"train_acc":93.04933166503906,"step":290,"_timestamp":1.733070697618549e+09,"test_accuracy":0.7281553398058253,"val_acc":91.45299530029297,"_runtime":56.6649549}