{"val_acc":77.77777862548828,"train_acc":98.02198028564453,"step":290,"_step":19,"_runtime":21.7210908,"train_loss":0.10682593286037445,"_timestamp":1.732974313225773e+09,"val_loss":0.3991331160068512,"_wandb":{"runtime":21}}