{"_wandb":{"runtime":8},"step":290,"_timestamp":1.7330544376421967e+09,"_runtime":8.3408056,"train_acc":86.99552154541016,"train_loss":0.37213101983070374,"val_loss":0.39375564455986023,"_step":19,"val_acc":89.74359130859375}