{"_wandb":{"runtime":21},"step":290,"_step":19,"train_loss":0.5843164324760437,"val_loss":0.5286731123924255,"val_acc":80.34188079833984,"_runtime":21.3411927,"train_acc":67.26457214355469,"_timestamp":1.7329805734383552e+09}