{"_step":19,"_runtime":8.4037301,"train_loss":0.17841853201389313,"val_acc":85.47008514404297,"train_acc":94.5054931640625,"step":290,"_wandb":{"runtime":8},"val_loss":0.3704105317592621,"_timestamp":1.733044463289219e+09}