{"val_loss":0.3133918046951294,"train_loss":0.14640435576438904,"val_acc":84.61538696289062,"_timestamp":1.7330498454507601e+09,"_wandb":{"runtime":8},"step":290,"train_acc":97.5824203491211,"_runtime":8.1412711,"_step":19}