{"_runtime":21.3670868,"_step":19,"_wandb":{"runtime":21},"train_loss":0.3790782690048218,"val_loss":0.3545983135700226,"train_acc":83.73626708984375,"_timestamp":1.7329798212893949e+09,"val_acc":83.76068115234375,"step":290}