{"val_acc":73.5042724609375,"_timestamp":1.7329811186037908e+09,"train_loss":0.2169809490442276,"val_loss":0.49423325061798096,"train_acc":92.37667846679688,"_step":19,"step":290,"_wandb":{"runtime":21},"_runtime":21.6349919}