{"train_acc":74.35344696044922,"step":290,"train_loss":0.4441816210746765,"val_loss":0.4241223931312561,"_step":19,"_wandb":{"runtime":22},"val_acc":85.47008514404297,"_timestamp":1.7330452813826048e+09,"_runtime":22.0094744}