{"_runtime":8.4656489,"val_loss":0.4333629012107849,"train_loss":0.31764116883277893,"_step":19,"step":290,"train_acc":94.06593322753906,"val_acc":88.8888931274414,"_timestamp":1.7329780596931593e+09,"_wandb":{"runtime":8}}