{"train_acc":94.17040252685547,"_runtime":37.62039,"step":290,"val_acc":84.61538696289062,"val_loss":0.3374210000038147,"_step":19,"train_loss":0.21190769970417023,"_timestamp":1.7329819163209152e+09,"_wandb":{"runtime":38}}