{"train_acc":94.28571319580078,"_wandb":{"runtime":8},"_timestamp":1.7330443535752978e+09,"val_acc":85.47008514404297,"step":290,"_step":19,"train_loss":0.18872195482254028,"_runtime":8.1602174,"val_loss":0.3207481801509857}