{"step":290,"_wandb":{"runtime":8},"val_loss":0.4287280738353729,"_runtime":8.2992555,"train_loss":0.30464306473731995,"val_acc":80.34188079833984,"_timestamp":1.7329772913131459e+09,"train_acc":95.82417297363281,"_step":19}