{"train_acc":93.84615325927734,"train_loss":0.20886658132076263,"_runtime":35.7326349,"step":290,"_timestamp":1.7330572986769814e+09,"val_acc":83.76068115234375,"val_loss":0.32808053493499756,"_step":19,"_wandb":{"runtime":36}}