{"train_acc":95.16483306884766,"val_loss":0.46463868021965027,"test_accuracy":0.7572815533980582,"_runtime":10.1179632,"_wandb":{"runtime":10},"step":290,"_step":20,"val_acc":75.21367645263672,"train_loss":0.2169862687587738,"_timestamp":1.7330608176621313e+09}