{"_step":19,"val_acc":82.9059829711914,"train_acc":95.16483306884766,"_runtime":21.5824987,"_wandb":{"runtime":21},"train_loss":0.134089395403862,"step":290,"val_loss":0.386894553899765,"_timestamp":1.7329789137203202e+09}