{"train_acc":96.92308044433594,"train_loss":0.10776929557323456,"_runtime":22.1719012,"_wandb":{"runtime":22},"_step":19,"val_loss":0.4240720868110657,"step":290,"_timestamp":1.7330450590684495e+09,"val_acc":80.34188079833984}