{"_wandb":{"runtime":36},"_runtime":35.9544902,"step":290,"val_loss":0.3706895709037781,"_timestamp":1.7329824735586154e+09,"_step":19,"train_acc":94.06593322753906,"train_loss":0.22909271717071533,"val_acc":83.76068115234375}