{"_runtime":21.0801283,"train_acc":92.60089111328125,"train_loss":0.2247602641582489,"val_acc":90.5982894897461,"val_loss":0.29369863867759705,"_timestamp":1.7330559420625482e+09,"_step":19,"_wandb":{"runtime":21},"step":290}