{"val_acc":89.74359130859375,"_step":19,"val_loss":0.33750244975090027,"step":290,"train_acc":91.47982025146484,"_wandb":{"runtime":21},"_timestamp":1.7329740280643067e+09,"train_loss":0.206452876329422,"_runtime":21.5435759}