{"_wandb":{"runtime":21},"val_acc":83.76068115234375,"val_loss":0.33234113454818726,"train_loss":0.19701816141605377,"_timestamp":1.7330552684448237e+09,"step":290,"train_acc":94.5054931640625,"_runtime":21.1583443,"_step":19}