{"val_acc":88.03418731689453,"_timestamp":1.7329780757608078e+09,"_step":19,"train_loss":0.3302869498729706,"_runtime":8.8044275,"_wandb":{"runtime":8},"step":290,"train_acc":93.9461898803711,"val_loss":0.4398529529571533}