{"val_loss":0.35614022612571716,"step":290,"_step":19,"train_acc":97.80220031738281,"train_loss":0.13449300825595856,"_wandb":{"runtime":11},"_timestamp":1.733043747265122e+09,"_runtime":10.9160882,"val_acc":81.19657897949219}