{"val_acc":86.32478332519531,"_timestamp":1.733050403076964e+09,"step":290,"train_acc":96.26373291015625,"_step":19,"val_loss":0.3616252839565277,"train_loss":0.16816222667694092,"_wandb":{"runtime":8},"_runtime":8.4348669}