{"_runtime":10.596358,"train_acc":94.28571319580078,"_step":20,"step":290,"val_loss":0.40169352293014526,"_wandb":{"runtime":10},"val_acc":82.05128479003906,"_timestamp":1.733061426591386e+09,"test_accuracy":0.7572815533980582,"train_loss":0.19934406876564026}