{"_runtime":8.4765956,"train_acc":95.16483306884766,"train_loss":0.2966521382331848,"_timestamp":1.7329772132252398e+09,"_wandb":{"runtime":8},"val_acc":88.8888931274414,"step":290,"_step":19,"val_loss":0.37987685203552246}