{"_wandb":{"runtime":36},"train_acc":94.61883544921875,"val_loss":0.34240809082984924,"train_loss":0.22698265314102173,"_runtime":35.8287773,"_step":19,"_timestamp":1.7330580030670466e+09,"val_acc":89.74359130859375,"step":290}