{"_step":20,"train_acc":97.98206329345703,"_wandb":{"runtime":51},"val_acc":85.47008514404297,"step":290,"_timestamp":1.7330667052338564e+09,"_runtime":51.5457564,"test_accuracy":0.7572815533980582,"val_loss":0.2859291732311249,"train_loss":0.0911351814866066}