{"_wandb":{"runtime":8},"_step":19,"train_loss":0.1530037373304367,"_timestamp":1.7330499862387142e+09,"_runtime":8.0621187,"train_acc":96.4835205078125,"val_loss":0.3338214159011841,"step":290,"val_acc":86.32478332519531}