{"_wandb":{"runtime":20},"_step":19,"train_loss":0.10800819844007492,"step":290,"_timestamp":1.7330559160017161e+09,"train_acc":96.92308044433594,"val_acc":90.5982894897461,"val_loss":0.24291202425956726,"_runtime":20.8778932}