{"_timestamp":1.7329723090313346e+09,"_runtime":13.6320505,"train_acc":90.30171966552734,"step":290,"_step":9,"val_acc":90.5982894897461,"_wandb":{"runtime":13},"val_loss":0.27663859724998474,"train_loss":0.24643075466156006}