{"_timestamp":1.7329795875510862e+09,"train_acc":90.76923370361328,"step":290,"val_loss":0.29134416580200195,"_wandb":{"runtime":20},"train_loss":0.2570852041244507,"_step":19,"val_acc":86.32478332519531,"_runtime":20.8358978}