{"_runtime":21.9965455,"_wandb":{"runtime":22},"train_loss":0.1872154176235199,"step":290,"val_acc":94.01709747314453,"_step":19,"_timestamp":1.7330506781008096e+09,"val_loss":0.19217044115066528,"train_acc":92.0879135131836}