{"step":290,"_timestamp":1.7330631037731307e+09,"train_acc":88.79120635986328,"_runtime":25.4467597,"_step":20,"val_acc":90.5982894897461,"val_loss":0.2965843677520752,"_wandb":{"runtime":25},"train_loss":0.3016499876976013,"test_accuracy":0.7669902912621359}