{"_runtime":24.2536135,"_timestamp":1.73304453804549e+09,"train_acc":89.67033386230469,"val_loss":0.2640755772590637,"val_acc":89.74359130859375,"step":290,"_wandb":{"runtime":24},"train_loss":0.27542731165885925,"_step":19}