{"val_acc":84.61538696289062,"_timestamp":1.7330605063212836e+09,"test_accuracy":0.7864077669902912,"_runtime":10.5802417,"train_loss":0.2279285490512848,"val_loss":0.35930442810058594,"train_acc":94.06593322753906,"step":290,"_wandb":{"runtime":10},"_step":20}