{"val_acc":85.47008514404297,"val_loss":0.3361210525035858,"step":290,"train_loss":0.21515116095542908,"_timestamp":1.7330615511175108e+09,"_runtime":10.3716968,"train_acc":93.62637329101562,"_wandb":{"runtime":10},"_step":20,"test_accuracy":0.7475728155339806}