{"step":290,"_timestamp":1.7330504652367272e+09,"_runtime":8.3296092,"_step":19,"_wandb":{"runtime":8},"train_loss":0.16162563860416412,"val_loss":0.33022964000701904,"val_acc":87.17948913574219,"train_acc":96.92308044433594}