{"_step":19,"val_loss":0.408369243144989,"train_acc":92.0879135131836,"val_acc":87.17948913574219,"_timestamp":1.7329786225563445e+09,"_runtime":8.9715572,"train_loss":0.3396707773208618,"_wandb":{"runtime":9},"step":290}