{"val_loss":0.3188713490962982,"val_acc":90.5982894897461,"_runtime":8.0413473,"_step":19,"step":290,"train_acc":96.04395294189453,"_wandb":{"runtime":8},"train_loss":0.17584499716758728,"_timestamp":1.7330498609822094e+09}