{"val_loss":0.1935763657093048,"_timestamp":1.73298070345142e+09,"_step":19,"train_acc":97.19828033447266,"train_loss":0.07915665954351425,"_runtime":21.5193858,"val_acc":90.5982894897461,"step":290,"_wandb":{"runtime":21}}