{"train_loss":0.23331177234649658,"_step":19,"_timestamp":1.7330513205301254e+09,"train_acc":91.86813354492188,"val_acc":83.76068115234375,"val_loss":0.36614319682121277,"_wandb":{"runtime":23},"step":290,"_runtime":23.4756311}