{"train_acc":96.04395294189453,"val_acc":87.17948913574219,"_wandb":{"runtime":34},"_runtime":33.9440037,"_step":19,"train_loss":0.16771622002124786,"val_loss":0.2452937811613083,"step":290,"_timestamp":1.7330459069107218e+09}