{"_runtime":52.5041093,"val_loss":0.2081763744354248,"test_accuracy":0.7766990291262136,"step":290,"_timestamp":1.7330652282966454e+09,"_step":20,"train_loss":0.17020897567272186,"train_acc":97.41378784179688,"_wandb":{"runtime":52},"val_acc":93.16239166259766}