{"train_loss":0.2115769386291504,"_wandb":{"runtime":37},"val_loss":0.3442773222923279,"_step":19,"_runtime":36.5030194,"_timestamp":1.7329854203930466e+09,"train_acc":93.4065933227539,"val_acc":88.8888931274414,"step":290}