{"_wandb":{"runtime":10},"_step":20,"_runtime":10.436274,"val_acc":78.63247680664062,"_timestamp":1.733061005206514e+09,"train_acc":82.97413635253906,"val_loss":0.42180919647216797,"train_loss":0.3811752498149872,"step":290,"test_accuracy":0.7864077669902912}