{"_runtime":8.4543759,"_step":19,"train_loss":0.4308604300022125,"val_acc":85.47008514404297,"_wandb":{"runtime":8},"step":290,"_timestamp":1.7330548484710622e+09,"train_acc":81.61434936523438,"val_loss":0.4260631799697876}