{"train_acc":86.82136535644531,"val_loss":0.47572073340415955,"_wandb":{"runtime":15},"_timestamp":1.732734668579265e+09,"train_loss":0.44589748978614807,"_runtime":15.538569,"val_acc":82.05128479003906,"step":870,"_step":5}