{"val_loss":0.27724161744117737,"step":290,"_runtime":23.2662734,"_timestamp":1.7330635668512404e+09,"train_acc":92.24137878417969,"_wandb":{"runtime":23},"val_acc":86.32478332519531,"test_accuracy":0.8349514563106796,"train_loss":0.19005194306373596,"_step":20}