{"step":290,"train_acc":92.1524658203125,"train_loss":0.2369828075170517,"val_acc":81.19657897949219,"_wandb":{"runtime":36},"_timestamp":1.7329819660289867e+09,"_runtime":36.1352053,"_step":19,"val_loss":0.3652684986591339}