{"train_acc":99.56044006347656,"_step":19,"val_loss":0.3600776195526123,"_timestamp":1.7330575054304338e+09,"train_loss":0.04860413819551468,"_runtime":35.236074,"_wandb":{"runtime":35},"val_acc":84.61538696289062,"step":290}