{"step":290,"test_accuracy":0.7766990291262136,"_step":20,"_runtime":23.4920067,"_wandb":{"runtime":23},"val_loss":0.28807762265205383,"train_acc":93.84615325927734,"val_acc":88.03418731689453,"train_loss":0.16667352616786957,"_timestamp":1.7330633242887068e+09}