{"_runtime":21.9482701,"train_acc":99.34066009521484,"_step":19,"_timestamp":1.7330452553418884e+09,"train_loss":0.04889070615172386,"val_loss":0.3373773694038391,"_wandb":{"runtime":22},"val_acc":86.32478332519531,"step":290}