{"train_loss":0.10315059125423431,"_timestamp":1.7330577128515587e+09,"train_acc":98.06034851074219,"_wandb":{"runtime":36},"_runtime":35.7294712,"_step":19,"val_loss":0.26075467467308044,"val_acc":87.17948913574219,"step":290}