{"val_acc":88.8888931274414,"step":290,"_runtime":52.3016909,"train_loss":0.05264086648821831,"val_loss":0.2837372124195099,"_timestamp":1.733065625968438e+09,"_step":20,"test_accuracy":0.7669902912621359,"_wandb":{"runtime":52},"train_acc":99.12088012695312}