{"_runtime":8.3195749,"train_loss":0.19018316268920898,"val_acc":84.61538696289062,"val_loss":0.38073915243148804,"_timestamp":1.7330441197637708e+09,"step":290,"_step":19,"train_acc":94.94505310058594,"_wandb":{"runtime":8}}