{"_timestamp":1.7329721793356829e+09,"_runtime":12.9693469,"train_acc":58.901100158691406,"_wandb":{"runtime":13},"val_acc":75.21367645263672,"val_loss":0.649695098400116,"_step":9,"step":290,"train_loss":0.6529580950737}