{"_wandb":{"runtime":36},"_runtime":35.4570432,"_step":19,"train_loss":0.055369969457387924,"step":290,"val_loss":0.23858404159545898,"train_acc":98.9011001586914,"_timestamp":1.733056717322086e+09,"val_acc":88.03418731689453}