{"val_loss":0.3316161334514618,"_wandb":{"runtime":10},"_step":20,"_timestamp":1.7330604752247593e+09,"_runtime":10.6815944,"train_acc":95.16483306884766,"train_loss":0.20674878358840942,"test_accuracy":0.8058252427184466,"step":290,"val_acc":88.03418731689453}