{"step":290,"train_acc":94.39655303955078,"train_loss":0.2147907167673111,"_step":9,"_runtime":12.9262999,"_timestamp":1.7329715913992162e+09,"val_acc":87.17948913574219,"_wandb":{"runtime":13},"val_loss":0.3127771019935608}