{"train_loss":0.03295677527785301,"val_loss":0.3620035648345947,"_timestamp":1.7329035298095748e+09,"_step":29,"val_acc":83.76068115234375,"train_acc":99.78022003173828,"step":870,"_runtime":31.592382,"_wandb":{"runtime":31}}