{"_runtime":11.0001937,"step":290,"_wandb":{"runtime":11},"val_loss":0.2725779414176941,"_step":19,"_timestamp":1.7330497701113448e+09,"train_acc":94.94505310058594,"val_acc":90.5982894897461,"train_loss":0.19657979905605316}