{"train_loss":0.06120515242218971,"_timestamp":1.7329735360455818e+09,"val_loss":0.3434726893901825,"train_acc":99.12088012695312,"_wandb":{"runtime":22},"_step":19,"val_acc":86.32478332519531,"step":290,"_runtime":22.2657164}