{"_timestamp":1.7329806516127465e+09,"train_acc":98.70689392089844,"_step":19,"train_loss":0.0832749456167221,"val_loss":0.2411676049232483,"_runtime":21.5755572,"val_acc":90.5982894897461,"step":290,"_wandb":{"runtime":21}}