{"val_loss":0.323947936296463,"_step":59,"train_loss":0.2560284733772278,"val_acc":88.8888931274414,"_runtime":59.076749,"step":290,"_timestamp":1.7329749050394316e+09,"_wandb":{"runtime":59},"train_acc":91.86813354492188}