{"_timestamp":1.7330555543474495e+09,"_wandb":{"runtime":22},"step":290,"_step":19,"train_acc":96.12068939208984,"val_acc":87.17948913574219,"train_loss":0.1478673666715622,"_runtime":21.9880381,"val_loss":0.24309325218200684}