{"_wandb":{"runtime":8},"train_loss":0.15095414221286774,"val_loss":0.3793491721153259,"_timestamp":1.7330499080526533e+09,"step":290,"_runtime":8.0684914,"val_acc":82.9059829711914,"_step":19,"train_acc":95.47413635253906}