{"train_loss":0.1604539155960083,"val_acc":83.76068115234375,"_wandb":{"runtime":23},"_timestamp":1.733062837050262e+09,"_runtime":23.0296171,"val_loss":0.30928823351860046,"step":290,"_step":20,"train_acc":95.25862121582031,"test_accuracy":0.7864077669902912}