{"_runtime":36.0476413,"step":290,"_wandb":{"runtime":36},"_timestamp":1.7330571325270507e+09,"val_acc":85.47008514404297,"train_loss":0.09799715876579285,"val_loss":0.298261821269989,"_step":19,"train_acc":98.49137878417969}