{"train_acc":94.06593322753906,"_step":19,"val_loss":0.42444419860839844,"step":290,"val_acc":88.03418731689453,"_runtime":8.6540374,"train_loss":0.33775827288627625,"_wandb":{"runtime":8},"_timestamp":1.732977182193082e+09}