{"val_acc":82.05128479003906,"_timestamp":1.732977478989663e+09,"_wandb":{"runtime":8},"step":290,"_runtime":8.3034791,"train_loss":0.30641552805900574,"train_acc":93.84615325927734,"val_loss":0.4577972888946533,"_step":19}