{"val_acc":76.92308044433594,"_timestamp":1.7329784823008218e+09,"_runtime":9.0928858,"_step":19,"_wandb":{"runtime":9},"train_acc":93.4065933227539,"step":290,"train_loss":0.3397137224674225,"val_loss":0.4879784882068634}