{"val_loss":0.3214665651321411,"step":290,"_wandb":{"runtime":21},"train_acc":98.70689392089844,"val_acc":88.03418731689453,"_timestamp":1.7329808845426612e+09,"_runtime":21.1728419,"train_loss":0.08415966480970383,"_step":19}