{"train_acc":90.989013671875,"val_loss":0.3216420114040375,"_step":19,"_runtime":21.3172951,"train_loss":0.2815302610397339,"_wandb":{"runtime":21},"val_acc":82.05128479003906,"step":290,"_timestamp":1.7329795102570627e+09}