{"step":290,"_step":19,"train_loss":0.23187634348869324,"_timestamp":1.7329737689354885e+09,"train_acc":90.989013671875,"val_loss":0.3736364543437958,"_runtime":21.6056695,"_wandb":{"runtime":21},"val_acc":83.76068115234375}