{"val_loss":0.4370408356189728,"_step":19,"_runtime":8.726153,"step":290,"_timestamp":1.7329782007888532e+09,"_wandb":{"runtime":8},"train_acc":96.12068939208984,"val_acc":84.61538696289062,"train_loss":0.27226975560188293}