{"_wandb":{"runtime":23},"_runtime":23.2701868,"train_loss":0.16527895629405975,"step":290,"val_acc":86.32478332519531,"val_loss":0.2654702067375183,"test_accuracy":0.8058252427184466,"_step":20,"train_acc":95.04310607910156,"_timestamp":1.7330623869776857e+09}