{"_wandb":{"runtime":8},"train_acc":94.28571319580078,"_timestamp":1.7329775883197525e+09,"_step":19,"_runtime":8.3259786,"train_loss":0.3161291480064392,"val_loss":0.40980005264282227,"step":290,"val_acc":88.03418731689453}