{"train_acc":94.72527313232422,"train_loss":0.20896467566490173,"_wandb":{"runtime":8},"_timestamp":1.733054567755384e+09,"step":290,"val_acc":85.47008514404297,"val_loss":0.38173362612724304,"_runtime":8.3988868,"_step":19}