{"_step":19,"train_acc":95.04310607910156,"val_acc":88.8888931274414,"_timestamp":1.7329776982698853e+09,"train_loss":0.2725430428981781,"_wandb":{"runtime":8},"step":290,"_runtime":8.5207101,"val_loss":0.3770811855792999}