{"_timestamp":1.732981014457494e+09,"_runtime":21.337350700000002,"_step":19,"train_loss":0.2982461154460907,"val_acc":88.03418731689453,"val_loss":0.31276923418045044,"_wandb":{"runtime":21},"step":290,"train_acc":88.14655303955078}