{"_wandb":{"runtime":21},"_step":19,"val_acc":88.8888931274414,"step":290,"train_loss":0.1809210479259491,"train_acc":95.38461303710938,"_timestamp":1.7329736392039118e+09,"val_loss":0.21713155508041382,"_runtime":21.6393838}