{"_wandb":{"runtime":21},"train_loss":0.12460188567638397,"val_acc":88.8888931274414,"val_loss":0.28618231415748596,"_timestamp":1.7329798992845058e+09,"_step":19,"train_acc":97.62931060791016,"step":290,"_runtime":21.6639886}