{"_step":19,"_wandb":{"runtime":21},"step":290,"_timestamp":1.7330553464530537e+09,"val_acc":90.5982894897461,"train_acc":91.16378784179688,"train_loss":0.26042842864990234,"_runtime":21.344585,"val_loss":0.264866441488266}