{"train_loss":0.23237690329551697,"val_loss":0.3083468973636627,"val_acc":85.47008514404297,"test_accuracy":0.7961165048543689,"_wandb":{"runtime":23},"train_acc":91.42857360839844,"_step":20,"_runtime":23.6352544,"step":290,"_timestamp":1.7330640121606033e+09}