{"val_acc":83.76068115234375,"_wandb":{"runtime":21},"val_loss":0.39724570512771606,"_step":19,"train_acc":98.2062759399414,"_runtime":21.1629469,"train_loss":0.07895956933498383,"step":290,"_timestamp":1.7329797951227615e+09}