{"train_acc":92.74725341796875,"train_loss":0.24818465113639832,"_timestamp":1.7329824324693878e+09,"_wandb":{"runtime":37},"_step":19,"step":290,"_runtime":36.1859591,"val_loss":0.2533312141895294,"val_acc":91.45299530029297}