{"train_acc":95.51569366455078,"val_loss":0.3769014775753021,"val_acc":83.76068115234375,"step":290,"train_loss":0.1224159523844719,"_timestamp":1.733055164540455e+09,"_runtime":21.1579612,"_step":19,"_wandb":{"runtime":21}}