{"val_loss":0.38025686144828796,"_runtime":22.215889400000002,"_step":19,"step":290,"val_acc":84.61538696289062,"_wandb":{"runtime":22},"_timestamp":1.732973380362425e+09,"train_acc":95.73991394042969,"train_loss":0.17266513407230377}