{"val_acc":83.76068115234375,"train_loss":0.18428581953048706,"_wandb":{"runtime":8},"_step":19,"train_acc":93.9461898803711,"step":290,"_runtime":8.7923468,"val_loss":0.34766414761543274,"_timestamp":1.7330440263871953e+09}