{"val_loss":0.3299444913864136,"step":290,"train_loss":0.34203556180000305,"_wandb":{"runtime":13},"val_acc":84.61538696289062,"_runtime":13.0569386,"_timestamp":1.7329041690172224e+09,"_step":9,"train_acc":87.47252655029297}