{"_wandb":{"runtime":10},"train_loss":0.19764132797718048,"val_acc":81.19657897949219,"_runtime":10.5418102,"train_acc":95.82417297363281,"step":290,"_timestamp":1.7330610364246922e+09,"val_loss":0.40561622381210327,"test_accuracy":0.7864077669902912,"_step":20}