{"test_accuracy":0.7961165048543689,"step":290,"_timestamp":1.73306267842551e+09,"_runtime":24.6971589,"train_acc":93.49775695800781,"val_loss":0.23487602174282074,"_step":20,"train_loss":0.1961403787136078,"_wandb":{"runtime":24},"val_acc":88.8888931274414}