{"val_loss":0.3193776607513428,"_timestamp":1.7330615979813068e+09,"_wandb":{"runtime":10},"step":290,"test_accuracy":0.7961165048543689,"_runtime":10.495323,"val_acc":86.32478332519531,"_step":20,"train_acc":96.92308044433594,"train_loss":0.154503732919693}