{"val_acc":76.92308044433594,"test_accuracy":0.6893203883495146,"val_loss":0.4660530090332031,"train_acc":77.36264038085938,"_runtime":9.9744416,"_wandb":{"runtime":9},"step":290,"train_loss":0.4542964696884155,"_step":20,"_timestamp":1.7330600880592575e+09}