{"step":290,"_step":19,"val_acc":93.16239166259766,"_wandb":{"runtime":36},"_timestamp":1.7329764415815637e+09,"train_loss":0.19570748507976532,"val_loss":0.22640055418014526,"train_acc":93.72197723388672,"_runtime":35.5436839}