{"train_loss":0.2992557883262634,"val_loss":0.35887426137924194,"test_accuracy":0.7961165048543689,"_wandb":{"runtime":10},"train_acc":91.20879364013672,"step":290,"val_acc":84.61538696289062,"_timestamp":1.7330615356306968e+09,"_runtime":10.4370037,"_step":20}