{"step":290,"_wandb":{"runtime":36},"_runtime":35.5011513,"_timestamp":1.7330465300693939e+09,"train_loss":0.12151676416397095,"val_acc":93.16239166259766,"_step":19,"val_loss":0.19599077105522156,"train_acc":98.46154022216797}