{"_timestamp":1.7330557350658362e+09,"_step":19,"train_acc":98.92241668701172,"val_loss":0.43504875898361206,"step":290,"_runtime":21.5815395,"_wandb":{"runtime":21},"val_acc":83.76068115234375,"train_loss":0.0662384107708931}