{"step":290,"_step":19,"_runtime":22.1875473,"_timestamp":1.7330454630170176e+09,"train_loss":0.24649623036384583,"train_acc":91.86813354492188,"val_loss":0.41392385959625244,"_wandb":{"runtime":22},"val_acc":78.63247680664062}