{"train_loss":0.14567148685455322,"_step":19,"_runtime":8.3724602,"_wandb":{"runtime":8},"_timestamp":1.733044494516652e+09,"train_acc":96.55171966552734,"step":290,"val_acc":82.9059829711914,"val_loss":0.3697120249271393}