{"_step":20,"_timestamp":1.733067615883407e+09,"_wandb":{"runtime":51},"_runtime":51.8448821,"train_acc":99.77578735351562,"train_loss":0.04442959651350975,"val_loss":0.24563828110694885,"step":290,"val_acc":87.17948913574219,"test_accuracy":0.7961165048543689}