{"_runtime":24.1170257,"_step":19,"train_loss":0.14036375284194946,"val_loss":0.2627464830875397,"step":290,"_timestamp":1.732976399123022e+09,"val_acc":93.16239166259766,"train_acc":95.73991394042969,"_wandb":{"runtime":24}}