{"step":290,"_wandb":{"runtime":38},"train_acc":95.73991394042969,"_timestamp":1.7329831792108955e+09,"val_acc":88.8888931274414,"train_loss":0.20442284643650055,"_runtime":37.6863615,"val_loss":0.3916395902633667,"_step":19}