{"train_loss":0.5108348727226257,"_timestamp":1.7329810664260106e+09,"step":290,"_wandb":{"runtime":21},"train_acc":68.5714340209961,"_runtime":21.4206205,"val_acc":83.76068115234375,"_step":19,"val_loss":0.45591843128204346}