{"val_loss":0.3060838282108307,"step":290,"_wandb":{"runtime":8},"val_acc":84.61538696289062,"_timestamp":1.7330438852904532e+09,"train_loss":0.15408779680728912,"_runtime":8.3837319,"_step":19,"train_acc":96.04395294189453}