{"val_acc":84.61538696289062,"train_loss":0.3674732446670532,"step":290,"_step":20,"train_acc":85.65022277832031,"val_loss":0.37601128220558167,"_timestamp":1.7330611927057114e+09,"test_accuracy":0.7572815533980582,"_wandb":{"runtime":11},"_runtime":11.0354264}