{"val_loss":0.42964088916778564,"_wandb":{"runtime":8},"step":290,"val_acc":82.05128479003906,"train_loss":0.28885120153427124,"_runtime":8.4151556,"train_acc":94.84304809570312,"_timestamp":1.7329778074715083e+09,"_step":19}