{"train_acc":97.5824203491211,"train_loss":0.100446917116642,"_runtime":22.8295142,"_step":19,"step":290,"val_acc":84.61538696289062,"_wandb":{"runtime":22},"val_loss":0.33376792073249817,"_timestamp":1.7329734327782786e+09}