{"_step":19,"val_loss":0.24349115788936615,"_runtime":21.2795332,"_timestamp":1.7330561496308913e+09,"step":290,"_wandb":{"runtime":21},"train_acc":90.76923370361328,"train_loss":0.220248743891716,"val_acc":92.30769348144531}