{"train_acc":100,"train_loss":0.03328539431095123,"_step":19,"_wandb":{"runtime":22},"val_loss":0.23893404006958008,"step":290,"_timestamp":1.7329733287118506e+09,"_runtime":22.3801929,"val_acc":89.74359130859375}