{"step":290,"val_loss":0.3327479958534241,"train_loss":0.13824637234210968,"_timestamp":1.7330444319077392e+09,"_runtime":8.1811123,"val_acc":88.03418731689453,"_wandb":{"runtime":8},"_step":19,"train_acc":97.80220031738281}