{"_step":20,"train_acc":89.6551742553711,"train_loss":0.37072184681892395,"val_acc":87.17948913574219,"_timestamp":1.7330600573486767e+09,"_wandb":{"runtime":10},"_runtime":10.3959886,"step":290,"test_accuracy":0.7669902912621359,"val_loss":0.45661282539367676}