{"train_loss":0.1882636994123459,"_wandb":{"runtime":22},"val_acc":87.17948913574219,"val_loss":0.25278183817863464,"step":290,"_runtime":22.1424966,"train_acc":93.31896209716797,"_step":19,"_timestamp":1.7330453853576727e+09}