{"_timestamp":1.733061800821303e+09,"train_loss":0.255958616733551,"step":290,"val_acc":86.32478332519531,"train_acc":91.64835357666016,"test_accuracy":0.8155339805825242,"_runtime":10.5266858,"_wandb":{"runtime":10},"val_loss":0.3393694758415222,"_step":20}