{"_step":19,"train_acc":96.12068939208984,"_wandb":{"runtime":8},"train_loss":0.17250683903694153,"val_acc":84.61538696289062,"_runtime":8.098898,"step":290,"_timestamp":1.7330441662033145e+09,"val_loss":0.32813820242881775}