{"_step":20,"train_acc":72.74725341796875,"train_loss":0.47671160101890564,"val_loss":0.4307684302330017,"_runtime":52.1568599,"val_acc":83.76068115234375,"test_accuracy":0.7572815533980582,"_timestamp":1.733068753101825e+09,"_wandb":{"runtime":52},"step":290}