{"val_loss":0.2933772802352905,"_timestamp":1.732978678770324e+09,"_wandb":{"runtime":21},"_step":19,"train_acc":85.27472686767578,"train_loss":0.35653412342071533,"step":290,"val_acc":92.30769348144531,"_runtime":21.3099735}