{"val_acc":85.47008514404297,"step":290,"_runtime":22.0107022,"_timestamp":1.7330453592867613e+09,"train_acc":92.24137878417969,"_step":19,"val_loss":0.32263144850730896,"train_loss":0.21952486038208008,"_wandb":{"runtime":22}}