{"train_acc":96.4835205078125,"val_loss":0.4166024923324585,"_timestamp":1.7330625886317134e+09,"test_accuracy":0.7669902912621359,"_runtime":23.0764882,"train_loss":0.11784496158361435,"val_acc":82.9059829711914,"_step":20,"_wandb":{"runtime":23},"step":290}