{"train_acc":98.24176025390625,"_timestamp":1.7330442131884987e+09,"_runtime":8.2500073,"_step":19,"val_acc":81.19657897949219,"val_loss":0.39187610149383545,"step":290,"train_loss":0.13952955603599548,"_wandb":{"runtime":8}}