{"train_acc":94.72527313232422,"step":290,"_timestamp":1.7329841008032308e+09,"_runtime":37.6151223,"val_loss":0.31037336587905884,"_step":19,"train_loss":0.22369925677776337,"val_acc":85.47008514404297,"_wandb":{"runtime":38}}