{"_step":19,"train_loss":0.20960496366024017,"_runtime":37.465171,"_wandb":{"runtime":38},"step":290,"val_loss":0.2754434049129486,"train_acc":94.61206817626953,"val_acc":89.74359130859375,"_timestamp":1.7329833237421515e+09}