{"train_acc":96.70330047607422,"val_loss":0.3679661154747009,"_timestamp":1.7330441041743956e+09,"_runtime":8.309562,"step":290,"val_acc":82.05128479003906,"_wandb":{"runtime":8},"_step":19,"train_loss":0.14993347227573395}