{"train_loss":0.48856663703918457,"_timestamp":1.7329788874703975e+09,"_step":19,"step":290,"train_acc":75.38461303710938,"val_acc":85.47008514404297,"_runtime":21.301761,"_wandb":{"runtime":21},"val_loss":0.422709584236145}