{"train_loss":0.36738473176956177,"test_accuracy":0.7572815533980582,"_wandb":{"runtime":10},"val_loss":0.3654274046421051,"_timestamp":1.7330618476383407e+09,"_step":20,"val_acc":82.9059829711914,"_runtime":10.6025705,"step":290,"train_acc":84.61538696289062}