{"train_loss":0.010287799872457981,"val_loss":0.3149489164352417,"_step":19,"val_acc":86.32478332519531,"_runtime":36.0709739,"train_acc":100,"_timestamp":1.7330581697172449e+09,"_wandb":{"runtime":37},"step":290}