{"train_loss":0.02944301813840866,"val_acc":84.61538696289062,"train_acc":99.78448486328125,"step":290,"_runtime":23.804895899999998,"test_accuracy":0.8058252427184466,"_wandb":{"runtime":23},"val_loss":0.4285017251968384,"_step":20,"_timestamp":1.733064991567499e+09}