{"_runtime":38.6284743,"train_acc":92.24137878417969,"_wandb":{"runtime":39},"train_loss":0.2651897072792053,"val_acc":86.32478332519531,"_timestamp":1.732984153067922e+09,"_step":19,"val_loss":0.3038758933544159,"step":290}