{"step":290,"val_loss":0.29593145847320557,"_wandb":{"runtime":36},"train_loss":0.21744628250598907,"train_acc":94.61206817626953,"_step":19,"_runtime":35.9474082,"_timestamp":1.7329825563120623e+09,"val_acc":85.47008514404297}