{"train_acc":100,"_timestamp":1.7330651154972777e+09,"test_accuracy":0.7766990291262136,"val_loss":0.45103704929351807,"val_acc":83.76068115234375,"_step":20,"_wandb":{"runtime":23},"step":290,"_runtime":23.6923838,"train_loss":0.052653923630714417}