{"train_acc":83.29670715332031,"_timestamp":1.732972162489616e+09,"val_acc":82.9059829711914,"_step":9,"_runtime":12.596783,"val_loss":0.3984934687614441,"train_loss":0.3859606385231018,"step":290,"_wandb":{"runtime":12}}