{"_wandb":{"runtime":22},"val_acc":88.8888931274414,"step":290,"_step":19,"_runtime":22.2162765,"train_loss":0.20848919451236725,"val_loss":0.28710418939590454,"_timestamp":1.733045802380825e+09,"train_acc":93.62637329101562}