{"val_acc":92.30769348144531,"val_loss":0.24783602356910706,"_runtime":38.0036178,"_step":19,"_wandb":{"runtime":39},"train_acc":94.17040252685547,"train_loss":0.23757758736610413,"step":290,"_timestamp":1.7329834587064626e+09}