{"val_acc":84.61538696289062,"_timestamp":1.7330659091311004e+09,"test_accuracy":0.7572815533980582,"train_loss":0.26258569955825806,"_step":20,"_runtime":50.9532224,"_wandb":{"runtime":50},"step":290,"val_loss":0.33595365285873413,"train_acc":91.20879364013672}