{"step":290,"test_accuracy":0.7766990291262136,"_wandb":{"runtime":23},"_timestamp":1.7330628633724267e+09,"train_acc":90.989013671875,"_step":20,"_runtime":23.0836137,"train_loss":0.26108959317207336,"val_acc":82.9059829711914,"val_loss":0.32103776931762695}