{"_wandb":{"runtime":8},"val_loss":0.42852339148521423,"step":290,"_timestamp":1.7330543479500651e+09,"_runtime":8.172791,"val_acc":82.05128479003906,"train_acc":88.35164642333984,"_step":19,"train_loss":0.3336707353591919}