{"val_acc":87.17948913574219,"test_accuracy":0.8058252427184466,"_wandb":{"runtime":23},"_step":20,"train_loss":0.1566246747970581,"step":290,"val_loss":0.23131772875785828,"_runtime":23.6947627,"train_acc":94.82758331298828,"_timestamp":1.7330644212319558e+09}