{"step":290,"_timestamp":1.733045436951441e+09,"train_acc":92.02586364746094,"val_loss":0.16070318222045898,"_step":19,"train_loss":0.21711206436157227,"val_acc":92.30769348144531,"_runtime":21.984894,"_wandb":{"runtime":22}}