{"step":290,"val_loss":0.26057887077331543,"_timestamp":1.7329828466980197e+09,"train_acc":93.72197723388672,"_wandb":{"runtime":37},"_runtime":36.6202432,"_step":19,"val_acc":92.30769348144531,"train_loss":0.22434113919734955}