{"val_acc":84.61538696289062,"_wandb":{"runtime":8},"_step":19,"train_loss":0.34171295166015625,"val_loss":0.49963808059692383,"train_acc":92.52747344970703,"step":290,"_timestamp":1.7329773852063224e+09,"_runtime":8.3267036}