{"_wandb":{"runtime":36},"_timestamp":1.7330538114455812e+09,"_runtime":35.5597235,"train_acc":99.78022003173828,"train_loss":0.02288237027823925,"val_loss":0.31592658162117004,"step":290,"val_acc":84.61538696289062,"_step":19}