{"_step":19,"train_loss":0.21772655844688416,"train_acc":93.84615325927734,"_wandb":{"runtime":37},"val_loss":0.23278675973415375,"_runtime":36.4893207,"val_acc":88.03418731689453,"_timestamp":1.7329851973764536e+09,"step":290}