{"step":290,"_step":19,"val_acc":82.05128479003906,"val_loss":0.35618433356285095,"train_acc":96.41255950927734,"train_loss":0.17019492387771606,"_timestamp":1.7330499393206658e+09,"_runtime":8.1270547,"_wandb":{"runtime":8}}