{"step":290,"_runtime":37.4335756,"_timestamp":1.7329844318537364e+09,"val_loss":0.3238847851753235,"train_loss":0.22382640838623047,"_wandb":{"runtime":38},"train_acc":92.74725341796875,"_step":19,"val_acc":86.32478332519531}