{"train_loss":0.3114470839500427,"_step":9,"_timestamp":1.7329720689466405e+09,"step":290,"val_loss":0.2670709192752838,"_runtime":12.7872403,"_wandb":{"runtime":12},"val_acc":89.74359130859375,"train_acc":87.25274658203125}