{"train_acc":88.36206817626953,"val_loss":0.3357962965965271,"_timestamp":1.7329737948972845e+09,"_runtime":21.5912073,"_wandb":{"runtime":21},"train_loss":0.29518669843673706,"val_acc":83.76068115234375,"step":290,"_step":19}