{"step":290,"_step":20,"_timestamp":1.733061223852515e+09,"val_loss":0.39743947982788086,"train_loss":0.32285913825035095,"val_acc":79.4871826171875,"_wandb":{"runtime":10},"train_acc":90.989013671875,"_runtime":10.818782,"test_accuracy":0.7766990291262136}