{"train_loss":0.25085535645484924,"_timestamp":1.733057754013636e+09,"train_acc":93.84615325927734,"val_loss":0.34515872597694397,"_wandb":{"runtime":36},"val_acc":85.47008514404297,"_step":19,"step":290,"_runtime":35.4846423}