{"_step":20,"val_acc":88.8888931274414,"_runtime":10.6584847,"_timestamp":1.7330618165629117e+09,"val_loss":0.4756762981414795,"train_loss":0.4780358076095581,"_wandb":{"runtime":10},"step":290,"test_accuracy":0.8058252427184466,"train_acc":84.83516693115234}