{"train_acc":89.22413635253906,"val_loss":0.2991807758808136,"_step":9,"_wandb":{"runtime":13},"step":290,"val_acc":88.8888931274414,"_runtime":12.8445867,"_timestamp":1.7329713475648122e+09,"train_loss":0.29836493730545044}