{"val_loss":0.32607442140579224,"_runtime":22.1086012,"_step":19,"train_acc":95.25862121582031,"_timestamp":1.7330447741890655e+09,"step":290,"train_loss":0.17530590295791626,"val_acc":82.05128479003906,"_wandb":{"runtime":22}}