{"_wandb":{"runtime":25},"Test_accuracy":0.8446601941747572,"_timestamp":1.7331345986972651e+09,"_runtime":25.9012728,"_step":0}