{"_runtime":10.6402942,"_step":20,"val_acc":88.03418731689453,"_timestamp":1.7330605531940372e+09,"train_loss":0.42057448625564575,"_wandb":{"runtime":10},"test_accuracy":0.7572815533980582,"train_acc":83.18965148925781,"val_loss":0.3463793694972992,"step":290}