{"_wandb":{"runtime":38},"_timestamp":1.7329833648117929e+09,"_step":19,"train_acc":95.2914810180664,"train_loss":0.22406721115112305,"_runtime":37.154759,"val_acc":82.9059829711914,"step":290,"val_loss":0.31845733523368835}