{"train_loss":0.19177259504795074,"train_acc":93.62637329101562,"_timestamp":1.733044275740729e+09,"step":290,"val_acc":82.9059829711914,"_wandb":{"runtime":8},"_step":19,"_runtime":8.4787329,"val_loss":0.3631765842437744}