{"val_acc":84.61538696289062,"val_loss":0.3914681375026703,"_wandb":{"runtime":13},"train_loss":0.38363558053970337,"_step":9,"train_acc":82.73542785644531,"_runtime":13.4014109,"_timestamp":1.732972137244031e+09,"step":290}