{"test_accuracy":0.7572815533980582,"_wandb":{"runtime":23},"val_acc":86.32478332519531,"step":290,"train_loss":0.23420967161655426,"_timestamp":1.73306495999315e+09,"_runtime":23.412345,"val_loss":0.2966915965080261,"_step":20,"train_acc":92.1524658203125}