{"train_loss":0.4843113422393799,"_timestamp":1.73306116218341e+09,"_step":20,"val_acc":84.61538696289062,"test_accuracy":0.7281553398058253,"_runtime":11.6736428,"train_acc":81.0988998413086,"val_loss":0.4782208800315857,"_wandb":{"runtime":11},"step":290}