{"test_accuracy":0.7281553398058253,"_wandb":{"runtime":23},"step":290,"_timestamp":1.7330639758150873e+09,"train_acc":99.78448486328125,"train_loss":0.03030138649046421,"val_acc":83.76068115234375,"_step":20,"_runtime":23.3050033,"val_loss":0.3679948151111603}