{"test_accuracy":0.7864077669902912,"_wandb":{"runtime":23},"_timestamp":1.7330620354556584e+09,"train_loss":0.030022963881492615,"val_acc":89.74359130859375,"val_loss":0.21746240556240082,"step":290,"_step":20,"train_acc":100,"_runtime":23.4430544}