{"val_loss":0.2109004408121109,"step":290,"_runtime":22.4354634,"train_loss":0.04255084693431854,"train_acc":99.56896209716797,"val_acc":89.74359130859375,"_wandb":{"runtime":22},"_step":19,"_timestamp":1.7329734582537093e+09}