{"step":290,"_wandb":{"runtime":8},"train_loss":0.17409004271030426,"train_acc":93.75,"val_loss":0.30432379245758057,"_timestamp":1.733044384909509e+09,"_runtime":8.2229724,"val_acc":85.47008514404297,"_step":19}