{"train_loss":0.23555472493171692,"_step":19,"val_acc":90.5982894897461,"_runtime":36.7836218,"_wandb":{"runtime":37},"step":290,"train_acc":93.18681335449219,"val_loss":0.2704121470451355,"_timestamp":1.7329846492588167e+09}