{"_step":19,"train_loss":0.11535001546144485,"_runtime":21.1262208,"_wandb":{"runtime":21},"step":290,"_timestamp":1.7329793023877518e+09,"val_loss":0.3855624198913574,"val_acc":81.19657897949219,"train_acc":97.30941772460938}