{"val_acc":84.61538696289062,"_wandb":{"runtime":8},"step":290,"train_loss":0.1734531670808792,"_step":19,"val_loss":0.3302347660064697,"_timestamp":1.7330443695127795e+09,"train_acc":95.68965148925781,"_runtime":8.3721025}