{"val_acc":73.5042724609375,"train_loss":0.38607320189476013,"_runtime":13.0114851,"_step":9,"_timestamp":1.7329713734152288e+09,"val_loss":0.5584397912025452,"step":290,"train_acc":84.3956069946289,"_wandb":{"runtime":13}}