{"_step":20,"test_accuracy":0.7766990291262136,"train_acc":99.78022003173828,"val_loss":0.3049887716770172,"train_loss":0.04299287497997284,"val_acc":87.17948913574219,"_wandb":{"runtime":52},"_timestamp":1.7330701764713244e+09,"step":290,"_runtime":52.6681383}