{"train_loss":0.3930792510509491,"val_acc":84.61538696289062,"step":290,"train_acc":85.77586364746094,"test_accuracy":0.7864077669902912,"_runtime":10.7088416,"_step":20,"val_loss":0.4116820693016052,"_timestamp":1.7330609898395975e+09,"_wandb":{"runtime":10}}