{"_step":20,"train_acc":85.4945068359375,"val_acc":86.32478332519531,"_runtime":23.7476693,"train_loss":0.3720838725566864,"step":290,"_wandb":{"runtime":23},"_timestamp":1.7330636245648422e+09,"test_accuracy":0.7669902912621359,"val_loss":0.3534284234046936}