{"_timestamp":1.7330546924815946e+09,"val_acc":82.05128479003906,"_step":19,"_wandb":{"runtime":8},"train_loss":0.35091477632522583,"train_acc":86.20689392089844,"_runtime":8.4368897,"val_loss":0.3721340298652649,"step":290}