{"_timestamp":1.7329765397029688e+09,"step":290,"train_acc":94.72527313232422,"_wandb":{"runtime":9},"_step":19,"_runtime":9.2495355,"train_loss":0.3211323618888855,"val_acc":82.9059829711914,"val_loss":0.4136110246181488}