{"_runtime":52.0068474,"_step":20,"train_loss":0.2572315037250519,"step":290,"train_acc":92.60089111328125,"_timestamp":1.7330686960179744e+09,"val_loss":0.2928262948989868,"_wandb":{"runtime":52},"val_acc":87.17948913574219,"test_accuracy":0.7572815533980582}