{"_wandb":{"runtime":22},"_step":19,"_runtime":22.1187708,"step":290,"val_acc":85.47008514404297,"val_loss":0.2743102014064789,"train_acc":97.19828033447266,"_timestamp":1.7329735098962612e+09,"train_loss":0.13461849093437195}