{"val_acc":80.34188079833984,"_wandb":{"runtime":23},"test_accuracy":0.7475728155339806,"train_acc":92.30769348144531,"val_loss":0.41881686449050903,"_timestamp":1.7330623255478995e+09,"_step":20,"_runtime":23.8744935,"step":290,"train_loss":0.22713157534599304}