{"_runtime":12.8466548,"_wandb":{"runtime":12},"step":290,"_timestamp":1.7329716171099734e+09,"train_acc":92.02586364746094,"train_loss":0.23842817544937134,"val_acc":90.5982894897461,"_step":9,"val_loss":0.2501799166202545}