{"val_acc":84.61538696289062,"_runtime":35.6879866,"_step":19,"val_loss":0.3692944049835205,"step":290,"train_loss":0.12718023359775543,"_wandb":{"runtime":36},"_timestamp":1.733046323097151e+09,"train_acc":97.80220031738281}