{"_timestamp":1.7332559177112162e+09,"_runtime":24.6199916,"_step":0,"_wandb":{"runtime":31},"Test_accuracy":0.8446601941747572}