{"_step":19,"_runtime":8.6952361,"train_loss":0.3746276795864105,"val_loss":0.5071223974227905,"_timestamp":1.7329772760072114e+09,"step":290,"val_acc":81.19657897949219,"train_acc":91.70403289794922,"_wandb":{"runtime":8}}