{"val_loss":0.35735708475112915,"train_acc":92.37667846679688,"train_loss":0.2379278987646103,"val_acc":88.8888931274414,"_runtime":37.6657163,"_step":19,"_wandb":{"runtime":38},"step":290,"_timestamp":1.7329851471844854e+09}