{"_timestamp":1.732971420522432e+09,"val_acc":82.9059829711914,"_step":9,"train_acc":87.47252655029297,"val_loss":0.35364803671836853,"_runtime":13.3316082,"_wandb":{"runtime":13},"train_loss":0.2711956202983856,"step":290}