{"_runtime":51.6235417,"test_accuracy":0.7766990291262136,"train_loss":0.14083430171012878,"_timestamp":1.7330669328534346e+09,"val_acc":91.45299530029297,"val_loss":0.19578173756599426,"_step":20,"step":290,"train_acc":96.26373291015625,"_wandb":{"runtime":51}}