{"_runtime":8.2834899,"_step":19,"train_loss":0.17169731855392456,"val_acc":83.76068115234375,"val_loss":0.30645620822906494,"_wandb":{"runtime":8},"train_acc":96.4835205078125,"step":290,"_timestamp":1.7330441975872748e+09}