{"step":290,"_step":19,"train_loss":0.11821679770946503,"_timestamp":1.7330568009845178e+09,"train_acc":97.8448257446289,"_runtime":35.9167886,"val_acc":91.45299530029297,"_wandb":{"runtime":36},"val_loss":0.27769654989242554}