{"train_acc":95.16483306884766,"test_accuracy":0.8058252427184466,"val_acc":86.32478332519531,"step":290,"_timestamp":1.7330613638047464e+09,"_runtime":10.1339535,"_wandb":{"runtime":10},"val_loss":0.3243463337421417,"_step":20,"train_loss":0.20275169610977173}