{"step":435,"train_acc":92.0879135131836,"_timestamp":1.7328996051836288e+09,"_wandb":{"runtime":42},"_step":59,"train_loss":0.20248456299304962,"val_acc":90.5982894897461,"_runtime":42.4314911,"val_loss":0.24814119935035706}