{"_runtime":21.908485,"val_loss":0.2886810898780823,"step":290,"train_acc":96.63677215576172,"val_acc":86.32478332519531,"_timestamp":1.7329740023835456e+09,"_step":19,"_wandb":{"runtime":21},"train_loss":0.1388886719942093}