{"train_loss":0.17848393321037292,"_timestamp":1.732983095082449e+09,"_wandb":{"runtime":37},"_step":19,"val_loss":0.3636481761932373,"step":290,"_runtime":36.4367696,"train_acc":95.6043930053711,"val_acc":83.76068115234375}