{"step":290,"_runtime":77.97582,"val_acc":88.8888931274414,"val_loss":0.19732236862182617,"train_acc":100,"_wandb":{"runtime":80},"_step":59,"train_loss":0.017093660309910774,"_timestamp":1.7332977198381782e+09}