{"val_acc":88.8888931274414,"_runtime":21.5606069,"_step":19,"_wandb":{"runtime":21},"step":290,"train_acc":95.73991394042969,"val_loss":0.25198543071746826,"train_loss":0.1495191603899002,"_timestamp":1.7330561240057983e+09}