{"val_acc":80.34188079833984,"_runtime":10.4215578,"step":290,"test_accuracy":0.7184466019417476,"_step":20,"train_acc":56.72645568847656,"train_loss":0.6545413732528687,"_wandb":{"runtime":10},"val_loss":0.6190826296806335,"_timestamp":1.7330614108329728e+09}