{"_runtime":10.7974559,"_step":20,"_wandb":{"runtime":10},"val_acc":84.61538696289062,"train_loss":0.26796993613243103,"test_accuracy":0.7669902912621359,"step":290,"val_loss":0.3603922128677368,"train_acc":93.10344696044922,"_timestamp":1.7330606468538158e+09}