{"_wandb":{"runtime":8},"train_loss":0.32327356934547424,"val_loss":0.45212170481681824,"_runtime":8.7522006,"_timestamp":1.732977981852668e+09,"val_acc":80.34188079833984,"train_acc":94.28571319580078,"_step":19,"step":290}