{"_runtime":51.0208128,"test_accuracy":0.7766990291262136,"val_acc":91.45299530029297,"train_acc":88.79120635986328,"_wandb":{"runtime":51},"val_loss":0.2454594075679779,"_step":20,"step":290,"train_loss":0.2868706285953522,"_timestamp":1.733066250194682e+09}