{"_wandb":{"runtime":20},"_step":9,"train_acc":82.95964050292969,"val_acc":88.8888931274414,"val_loss":0.35124436020851135,"step":290,"_runtime":20.1709812,"train_loss":0.398696631193161,"_timestamp":1.7329712924479442e+09}