{"val_acc":85.47008514404297,"train_acc":87.25274658203125,"step":290,"_step":20,"val_loss":0.3541790843009949,"_timestamp":1.7330685250874152e+09,"_runtime":52.0419144,"test_accuracy":0.7669902912621359,"_wandb":{"runtime":52},"train_loss":0.32115960121154785}