{"step":290,"_step":19,"val_loss":0.42789095640182495,"_wandb":{"runtime":8},"train_acc":95.25862121582031,"train_loss":0.29772764444351196,"val_acc":83.76068115234375,"_timestamp":1.7329776509286382e+09,"_runtime":8.3787257}