{"step":290,"train_acc":97.53363037109375,"_runtime":21.6769233,"_step":19,"train_loss":0.0885738730430603,"val_loss":0.41220006346702576,"_wandb":{"runtime":21},"_timestamp":1.7330557871560907e+09,"val_acc":83.76068115234375}