{"train_acc":90.989013671875,"step":290,"_timestamp":1.7329808069356506e+09,"train_loss":0.22948341071605682,"val_acc":81.19657897949219,"_runtime":21.354566900000002,"_wandb":{"runtime":21},"val_loss":0.35379594564437866,"_step":19}