{"_wandb":{"runtime":21},"step":290,"train_acc":97.5824203491211,"train_loss":0.09539596736431122,"val_acc":92.30769348144531,"_runtime":20.8951292,"_timestamp":1.7330558641941574e+09,"_step":19,"val_loss":0.22444471716880798}