{"_step":20,"_wandb":{"runtime":10},"val_loss":0.3579925000667572,"_timestamp":1.7330600261395633e+09,"test_accuracy":0.7766990291262136,"train_acc":92.52747344970703,"val_acc":88.03418731689453,"step":290,"_runtime":10.3976723,"train_loss":0.2594534754753113}