{"train_acc":95.96412658691406,"train_loss":0.15221717953681946,"_wandb":{"runtime":8},"val_acc":87.17948913574219,"val_loss":0.2920442223548889,"_step":19,"step":290,"_runtime":8.2177119,"_timestamp":1.7330438069784784e+09}