{"_runtime":36.4149815,"val_acc":89.74359130859375,"_wandb":{"runtime":37},"_step":19,"step":290,"train_acc":93.04933166503906,"_timestamp":1.7329850218220956e+09,"val_loss":0.31240326166152954,"train_loss":0.22859948873519897}