{"_timestamp":1.7330631651243196e+09,"_step":20,"val_loss":0.41238707304000854,"_runtime":24.6166445,"train_loss":0.460227370262146,"val_acc":82.05128479003906,"_wandb":{"runtime":24},"train_acc":77.5824203491211,"step":290,"test_accuracy":0.7864077669902912}