{"_wandb":{"runtime":51},"train_loss":0.24780727922916412,"test_accuracy":0.8155339805825242,"_runtime":51.2998308,"step":290,"val_loss":0.24360373616218567,"_timestamp":1.7330663073458958e+09,"val_acc":89.74359130859375,"_step":20,"train_acc":91.20879364013672}