{"_wandb":{"runtime":8},"_runtime":8.6536582,"val_acc":88.8888931274414,"train_acc":95.47413635253906,"step":290,"_timestamp":1.732978044274806e+09,"train_loss":0.28957048058509827,"_step":19,"val_loss":0.4105531573295593}