{"val_acc":84.61538696289062,"step":290,"train_loss":0.3075098693370819,"train_acc":92.74725341796875,"val_loss":0.42156463861465454,"_wandb":{"runtime":8},"_step":19,"_runtime":8.326098,"_timestamp":1.7329772600180638e+09}