{"train_loss":0.1143699586391449,"_runtime":21.7959529,"val_loss":0.2685773968696594,"_timestamp":1.7329732505350723e+09,"_wandb":{"runtime":21},"_step":19,"val_acc":89.74359130859375,"step":290,"train_acc":96.41255950927734}