{"val_loss":0.3430435359477997,"_timestamp":1.7329737167210977e+09,"val_acc":86.32478332519531,"_wandb":{"runtime":21},"train_acc":88.35164642333984,"step":290,"train_loss":0.3214647173881531,"_step":19,"_runtime":21.4281687}