{"test_accuracy":0.7766990291262136,"step":290,"_runtime":10.6356893,"train_loss":0.4878230392932892,"val_acc":84.61538696289062,"val_loss":0.44097188115119934,"train_acc":76.4835205078125,"_wandb":{"runtime":10},"_step":20,"_timestamp":1.7330617853592463e+09}