{"val_acc":83.76068115234375,"_wandb":{"runtime":25},"step":290,"val_loss":0.36912059783935547,"_runtime":25.8849525,"_step":20,"train_acc":91.86813354492188,"train_loss":0.21010349690914154,"test_accuracy":0.7961165048543689,"_timestamp":1.7330631352118385e+09}