{"step":290,"val_acc":90.5982894897461,"train_acc":99.78022003173828,"_runtime":36.4354666,"train_loss":0.044791653752326965,"val_loss":0.17602869868278503,"_step":19,"_timestamp":1.7330564696884692e+09,"_wandb":{"runtime":37}}