{"_timestamp":1.7330670459815493e+09,"_step":20,"train_acc":97.80220031738281,"_runtime":51.5358073,"train_loss":0.10962484031915665,"val_loss":0.3880648910999298,"step":290,"test_accuracy":0.7475728155339806,"_wandb":{"runtime":51},"val_acc":82.05128479003906}