{"val_loss":0.36644989252090454,"step":290,"_step":19,"train_acc":98.49137878417969,"_wandb":{"runtime":8},"val_acc":85.47008514404297,"_runtime":8.1643095,"train_loss":0.1463840752840042,"_timestamp":1.73304379133481e+09}