{"train_acc":96.70330047607422,"_runtime":36.3611648,"_step":19,"val_acc":92.30769348144531,"_timestamp":1.7330573407064369e+09,"val_loss":0.21948052942752838,"_wandb":{"runtime":37},"train_loss":0.15715616941452026,"step":290}