{"train_loss":0.14605776965618134,"train_acc":95.68965148925781,"val_loss":0.2539302408695221,"step":290,"_wandb":{"runtime":21},"_timestamp":1.7329741577030928e+09,"_step":19,"_runtime":21.6278938,"val_acc":89.74359130859375}