{"_step":19,"val_acc":81.19657897949219,"val_loss":0.40377673506736755,"_wandb":{"runtime":8},"train_loss":0.1308126151561737,"step":290,"_timestamp":1.7330445102572758e+09,"_runtime":8.524457,"train_acc":98.06034851074219}