{"val_loss":0.43786653876304626,"step":290,"_step":19,"_runtime":8.7125816,"train_acc":95.38461303710938,"val_acc":83.76068115234375,"_timestamp":1.7329782475710657e+09,"train_loss":0.338816374540329,"_wandb":{"runtime":8}}