{"_timestamp":1.732978544469147e+09,"_wandb":{"runtime":8},"train_loss":0.3449518084526062,"val_loss":0.39230915904045105,"step":290,"train_acc":95.51569366455078,"_runtime":8.8598036,"_step":19,"val_acc":88.03418731689453}