{"_runtime":8.7005642,"val_loss":0.4764663577079773,"_wandb":{"runtime":8},"train_acc":95.47413635253906,"_timestamp":1.733055005218505e+09,"_step":19,"train_loss":0.21304307878017426,"val_acc":77.77777862548828,"step":290}