{"train_loss":0.1512737274169922,"_step":19,"val_loss":0.23500065505504608,"_wandb":{"runtime":35},"val_acc":88.8888931274414,"train_acc":96.63677215576172,"step":290,"_runtime":34.3247433,"_timestamp":1.73304603119348e+09}