{"_runtime":8.5313606,"val_acc":86.32478332519531,"_timestamp":1.732977997221432e+09,"train_acc":92.0879135131836,"val_loss":0.4560548961162567,"step":290,"train_loss":0.3819437623023987,"_step":19,"_wandb":{"runtime":8}}