{"_wandb":{"runtime":37},"_runtime":36.7379581,"_step":19,"step":290,"train_acc":93.72197723388672,"_timestamp":1.732984980721972e+09,"val_loss":0.289072722196579,"val_acc":91.45299530029297,"train_loss":0.24000199139118195}