{"_wandb":{"runtime":53},"val_acc":89.74359130859375,"_step":20,"_timestamp":1.7330704613705535e+09,"val_loss":0.2410663217306137,"train_loss":0.08356814086437225,"step":290,"_runtime":53.1048686,"test_accuracy":0.7572815533980582,"train_acc":98.27586364746094}