{"val_acc":82.9059829711914,"_runtime":21.1005521,"_timestamp":1.733055138566621e+09,"_step":19,"train_acc":84.83516693115234,"val_loss":0.3482418656349182,"train_loss":0.32313939929008484,"_wandb":{"runtime":21},"step":290}