{"train_loss":0.1349884420633316,"step":290,"train_acc":97.30941772460938,"_runtime":51.7108138,"_step":20,"test_accuracy":0.7961165048543689,"_wandb":{"runtime":51},"val_acc":90.5982894897461,"val_loss":0.2197272777557373,"_timestamp":1.7330668189659488e+09}