{"val_loss":0.3076206147670746,"step":290,"_timestamp":1.7330574641725357e+09,"_wandb":{"runtime":36},"val_acc":88.03418731689453,"_step":19,"train_loss":0.26715871691703796,"_runtime":35.5410258,"train_acc":91.5948257446289}