{"train_acc":92.30769348144531,"_runtime":36.1271829,"val_loss":0.32963332533836365,"step":290,"val_acc":88.03418731689453,"_wandb":{"runtime":36},"train_loss":0.25314655900001526,"_timestamp":1.7329823906937783e+09,"_step":19}