{"val_acc":82.9059829711914,"_timestamp":1.7330478988923848e+09,"_runtime":35.5466646,"step":290,"train_loss":0.15040351450443268,"val_loss":0.3192756474018097,"_step":19,"train_acc":96.76724243164062,"_wandb":{"runtime":36}}