{"train_loss":0.15604977309703827,"_step":19,"val_acc":90.5982894897461,"step":290,"_runtime":35.7036142,"train_acc":96.76724243164062,"_wandb":{"runtime":36},"_timestamp":1.7330468626267338e+09,"val_loss":0.259626567363739}