{"step":290,"val_acc":86.32478332519531,"train_loss":0.19008877873420715,"_timestamp":1.7330444475149453e+09,"_step":19,"train_acc":95.16483306884766,"_runtime":8.2367485,"val_loss":0.3176109790802002,"_wandb":{"runtime":8}}