{"step":290,"_timestamp":1.7329771503586025e+09,"train_acc":93.96551513671875,"val_acc":82.05128479003906,"val_loss":0.44835665822029114,"_runtime":8.0408947,"train_loss":0.31109902262687683,"_step":19,"_wandb":{"runtime":8}}