{"val_loss":0.3603374660015106,"_wandb":{"runtime":8},"val_acc":81.19657897949219,"step":290,"_step":19,"_timestamp":1.7330501841385338e+09,"train_loss":0.13382917642593384,"_runtime":8.3246918,"train_acc":97.98206329345703}