{"_step":0,"_wandb":{"runtime":43},"Test_accuracy":0.7864077669902912,"_timestamp":1.733255432218331e+09,"_runtime":24.9758194}