{"_runtime":21.2260075,"val_loss":0.4103652536869049,"_step":19,"train_loss":0.1373106837272644,"step":290,"train_acc":95.6043930053711,"_wandb":{"runtime":21},"val_acc":78.63247680664062,"_timestamp":1.7329787838972788e+09}