{"_timestamp":1.733060444093865e+09,"val_loss":0.3851705491542816,"train_loss":0.31905850768089294,"test_accuracy":0.7864077669902912,"_runtime":10.7068729,"_wandb":{"runtime":10},"val_acc":84.61538696289062,"_step":20,"step":290,"train_acc":91.86813354492188}