{"train_acc":96.18833923339844,"step":290,"val_acc":86.32478332519531,"train_loss":0.16756734251976013,"val_loss":0.3270316421985626,"_step":19,"_runtime":8.3425418,"_timestamp":1.7330442444135938e+09,"_wandb":{"runtime":8}}