{"_wandb":{"runtime":22},"_timestamp":1.7330445672536733e+09,"train_loss":0.17834654450416565,"_step":19,"val_acc":86.32478332519531,"val_loss":0.27999186515808105,"step":290,"_runtime":22.4462463,"train_acc":93.75}