{"val_loss":0.36053043603897095,"train_acc":95.0672607421875,"val_acc":84.61538696289062,"step":290,"_timestamp":1.732980106155576e+09,"_wandb":{"runtime":21},"_runtime":21.056186,"train_loss":0.17101982235908508,"_step":19}