{"val_loss":0.43224143981933594,"train_acc":81.53845977783203,"_wandb":{"runtime":13},"train_loss":0.4577983319759369,"_runtime":13.010006,"step":290,"_timestamp":1.7329717056444042e+09,"_step":9,"val_acc":82.05128479003906}