{"train_loss":0.3821609616279602,"_wandb":{"runtime":21},"_timestamp":1.7329805475018156e+09,"val_acc":83.76068115234375,"val_loss":0.36416253447532654,"train_acc":81.61434936523438,"_runtime":21.3587634,"_step":19,"step":290}