{"val_loss":0.27861136198043823,"step":290,"val_acc":89.74359130859375,"train_loss":0.11231578141450882,"train_acc":97.80220031738281,"test_accuracy":0.7864077669902912,"_wandb":{"runtime":23},"_step":20,"_timestamp":1.733064551215974e+09,"_runtime":23.6627362}