{"val_acc":84.61538696289062,"train_loss":0.3236576020717621,"val_loss":0.4078330993652344,"_timestamp":1.7329766791235726e+09,"_runtime":8.3039443,"step":290,"_wandb":{"runtime":8},"_step":19,"train_acc":93.84615325927734}