{"_wandb":{"runtime":8},"_step":19,"val_loss":0.373686820268631,"train_acc":96.98275756835938,"step":290,"val_acc":82.9059829711914,"_timestamp":1.7330440416621294e+09,"train_loss":0.13842977583408356,"_runtime":8.2495266}