{"_wandb":{"runtime":21},"_timestamp":1.7329791208024487e+09,"val_acc":90.5982894897461,"train_loss":0.13868370652198792,"train_acc":96.70330047607422,"_runtime":21.1078824,"_step":19,"val_loss":0.2378515899181366,"step":290}