{"val_loss":0.4145705997943878,"_wandb":{"runtime":21},"step":290,"_timestamp":1.7329796915622559e+09,"_runtime":21.1925616,"train_acc":96.33621215820312,"_step":19,"train_loss":0.13854841887950897,"val_acc":82.9059829711914}