{"_step":20,"step":290,"_timestamp":1.7330607562841856e+09,"test_accuracy":0.7766990291262136,"train_acc":76.00897216796875,"val_acc":76.06837463378906,"_wandb":{"runtime":11},"_runtime":11.0357277,"train_loss":0.46090900897979736,"val_loss":0.5010579824447632}