{"_runtime":37.2987529,"_wandb":{"runtime":38},"step":290,"_step":19,"val_loss":0.3826526403427124,"_timestamp":1.7329818229557068e+09,"train_loss":0.2547209560871124,"train_acc":92.60089111328125,"val_acc":84.61538696289062}