{"_timestamp":1.7330474015066366e+09,"step":290,"_step":19,"val_loss":0.29226675629615784,"_runtime":35.5376976,"val_acc":83.76068115234375,"_wandb":{"runtime":36},"train_acc":97.14286041259766,"train_loss":0.15270525217056274}