{"val_loss":0.38854020833969116,"_step":19,"train_loss":0.18435201048851013,"_timestamp":1.7329802102022505e+09,"train_acc":94.28571319580078,"val_acc":86.32478332519531,"_runtime":21.3596202,"_wandb":{"runtime":21},"step":290}