{"_wandb":{"runtime":8},"val_acc":82.05128479003906,"step":290,"train_loss":0.35359808802604675,"_timestamp":1.732978122476242e+09,"_step":19,"val_loss":0.4277631938457489,"_runtime":8.6995194,"train_acc":92.0879135131836}