{"_wandb":{"runtime":10},"_timestamp":1.733061722944386e+09,"_runtime":10.7022501,"test_accuracy":0.7864077669902912,"train_loss":0.4326559007167816,"step":290,"_step":20,"val_acc":91.45299530029297,"val_loss":0.40523090958595276,"train_acc":82.95964050292969}