{"_wandb":{"runtime":22},"step":290,"_step":19,"val_acc":80.34188079833984,"train_loss":0.24172788858413696,"train_acc":91.42857360839844,"_timestamp":1.733056279577089e+09,"val_loss":0.4934902489185333,"_runtime":21.8929541}