{"_runtime":12.7328518,"train_acc":74.06593322753906,"train_loss":0.5051043033599854,"_step":9,"val_loss":0.43099913001060486,"step":290,"_wandb":{"runtime":12},"_timestamp":1.732904210377602e+09,"val_acc":85.47008514404297}