{"train_loss":0.05550557002425194,"_runtime":21.9799449,"step":290,"_step":19,"val_acc":88.03418731689453,"_wandb":{"runtime":22},"train_acc":99.32735443115234,"val_loss":0.2737596333026886,"_timestamp":1.7330452036388772e+09}