{"_runtime":13.1123104,"train_loss":0.46608221530914307,"val_acc":83.76068115234375,"val_loss":0.38649052381515503,"_timestamp":1.7329715242921157e+09,"train_acc":82.73542785644531,"_step":9,"_wandb":{"runtime":13},"step":290}