{"_runtime":12.9379685,"train_loss":0.29189881682395935,"_timestamp":1.732971503314858e+09,"step":290,"val_acc":82.9059829711914,"val_loss":0.40467771887779236,"_wandb":{"runtime":13},"train_acc":88.79310607910156,"_step":9}