{"val_loss":0.27641725540161133,"_timestamp":1.7330582934150014e+09,"train_loss":0.013469511643052101,"_wandb":{"runtime":36},"_step":19,"val_acc":88.8888931274414,"_runtime":35.723823,"step":290,"train_acc":100}