{"train_acc":94.82758331298828,"_runtime":22.0072384,"_step":19,"_timestamp":1.7330555801944854e+09,"_wandb":{"runtime":22},"train_loss":0.13722041249275208,"val_loss":0.285585880279541,"val_acc":85.47008514404297,"step":290}