{"_timestamp":1.733056305564719e+09,"_step":19,"train_loss":0.13049329817295074,"_runtime":22.064125,"_wandb":{"runtime":22},"val_acc":87.17948913574219,"val_loss":0.24644622206687927,"step":290,"train_acc":95.38461303710938}