{"_wandb":{"runtime":11},"_step":20,"train_loss":0.32648205757141113,"test_accuracy":0.8058252427184466,"_timestamp":1.7330608499404507e+09,"val_loss":0.4704419672489166,"step":290,"_runtime":11.0434515,"val_acc":79.4871826171875,"train_acc":91.25560760498047}