{"val_loss":0.31872615218162537,"step":290,"test_accuracy":0.7766990291262136,"_wandb":{"runtime":51},"_timestamp":1.7330696064346733e+09,"train_loss":0.15742266178131104,"val_acc":83.76068115234375,"_step":20,"train_acc":95.9051742553711,"_runtime":51.9345215}