{"val_acc":85.47008514404297,"train_acc":87.71551513671875,"_timestamp":1.7330706371153142e+09,"_step":20,"step":290,"val_loss":0.3321068286895752,"_runtime":53.2128451,"_wandb":{"runtime":53},"train_loss":0.3271004259586334,"test_accuracy":0.7864077669902912}