{"_timestamp":1.7330546457093096e+09,"_wandb":{"runtime":8},"val_loss":0.3549715280532837,"_step":19,"train_acc":94.61206817626953,"train_loss":0.27944543957710266,"val_acc":90.5982894897461,"step":290,"_runtime":8.3555699}