{"train_acc":94.18103790283203,"step":290,"_wandb":{"runtime":52},"val_acc":86.32478332519531,"_runtime":52.3887489,"_step":20,"test_accuracy":0.8155339805825242,"train_loss":0.15426301956176758,"_timestamp":1.733065512461483e+09,"val_loss":0.31113070249557495}