{"step":290,"_runtime":12.9653876,"train_loss":0.4457458257675171,"_timestamp":1.732971549895052e+09,"train_acc":81.16592407226562,"val_acc":80.34188079833984,"_wandb":{"runtime":13},"val_loss":0.47112587094306946,"_step":9}