{"_step":20,"test_accuracy":0.8252427184466019,"step":290,"_timestamp":1.733062951289963e+09,"train_acc":99.12088012695312,"_wandb":{"runtime":22},"val_acc":88.8888931274414,"train_loss":0.05865553021430969,"val_loss":0.27629992365837097,"_runtime":22.923943}