{"_step":20,"val_loss":0.23961859941482544,"train_acc":94.72527313232422,"test_accuracy":0.7766990291262136,"step":290,"_runtime":51.7464576,"_wandb":{"runtime":51},"val_acc":89.74359130859375,"_timestamp":1.7330672165461886e+09,"train_loss":0.2492688000202179}