{"_timestamp":1.733050651998225e+09,"step":290,"_runtime":22.0551488,"val_loss":0.30452248454093933,"_step":19,"train_loss":0.28175222873687744,"train_acc":90.54945373535156,"val_acc":88.8888931274414,"_wandb":{"runtime":22}}