{"_timestamp":1.7330549266186047e+09,"train_acc":71.20879364013672,"_runtime":8.238849,"train_loss":0.5512514710426331,"val_acc":81.19657897949219,"val_loss":0.5334534645080566,"_step":19,"_wandb":{"runtime":8},"step":290}