{"_wandb":{"runtime":8},"_runtime":8.6990177,"train_acc":94.28571319580078,"train_loss":0.3262016773223877,"_step":19,"step":290,"_timestamp":1.7329785287260327e+09,"val_loss":0.46590131521224976,"val_acc":79.4871826171875}