{"train_loss":0.5140326619148254,"val_acc":83.76068115234375,"_step":9,"_timestamp":1.7329041432613711e+09,"_runtime":12.9692437,"val_loss":0.44076862931251526,"_wandb":{"runtime":13},"train_acc":74.06593322753906,"step":290}