{"val_loss":0.4129432737827301,"train_loss":0.3233938217163086,"_runtime":8.3628366,"step":290,"val_acc":88.8888931274414,"_step":19,"train_acc":94.06593322753906,"_timestamp":1.7329777762680755e+09,"_wandb":{"runtime":8}}