{"val_loss":0.31137749552726746,"step":290,"_wandb":{"runtime":38},"train_loss":0.1974911093711853,"_step":19,"train_acc":94.06593322753906,"val_acc":88.8888931274414,"_runtime":37.8417289,"_timestamp":1.7329852406448226e+09}