{"val_loss":0.31210488080978394,"train_acc":96.33621215820312,"_timestamp":1.7330550611642907e+09,"step":290,"_runtime":21.3234691,"_wandb":{"runtime":21},"_step":19,"val_acc":82.9059829711914,"train_loss":0.13210254907608032}