{"train_loss":0.33820387721061707,"val_loss":0.42054885625839233,"_wandb":{"runtime":8},"_step":19,"step":290,"_runtime":8.5981696,"_timestamp":1.732977919208036e+09,"train_acc":93.4065933227539,"val_acc":82.9059829711914}