{"_timestamp":1.7329823083940814e+09,"_runtime":36.0029026,"_wandb":{"runtime":37},"step":290,"_step":19,"train_loss":0.22825928032398224,"val_acc":91.45299530029297,"train_acc":92.0879135131836,"val_loss":0.2895840108394623}