{"_wandb":{"runtime":36},"_runtime":35.4174259,"train_loss":0.19326920807361603,"_timestamp":1.7330513597312825e+09,"val_acc":87.17948913574219,"train_acc":94.5054931640625,"val_loss":0.2780303359031677,"step":290,"_step":19}