{"train_loss":0.2072242647409439,"val_loss":0.31032848358154297,"_wandb":{"runtime":37},"step":290,"val_acc":83.76068115234375,"_runtime":36.7954702,"train_acc":93.62637329101562,"_step":19,"_timestamp":1.732985332681154e+09}