{"_step":19,"_runtime":36.5184034,"val_acc":88.8888931274414,"_wandb":{"runtime":37},"_timestamp":1.7330569669699018e+09,"val_loss":0.2984257638454437,"train_loss":0.10776564478874207,"train_acc":98.9011001586914,"step":290}