{"val_loss":0.29780739545822144,"_timestamp":1.7330647212278316e+09,"_wandb":{"runtime":23},"step":290,"_runtime":23.3114885,"_step":20,"train_loss":0.20547950267791748,"val_acc":89.74359130859375,"train_acc":93.18681335449219,"test_accuracy":0.8349514563106796}