{"_wandb":{"runtime":12},"train_acc":90.54945373535156,"train_loss":0.2675606608390808,"val_loss":0.3633039593696594,"_timestamp":1.7329718461156895e+09,"val_acc":82.9059829711914,"_step":9,"step":290,"_runtime":12.535355299999999}