{"_runtime":11.142047699999999,"val_loss":0.3048902451992035,"train_acc":95.38461303710938,"_wandb":{"runtime":11},"val_acc":88.03418731689453,"step":290,"test_accuracy":0.8155339805825242,"train_loss":0.193830668926239,"_step":20,"_timestamp":1.7330607252417567e+09}