{"_timestamp":1.7332351227640347e+09,"_runtime":24.3667329,"_step":0,"Test_accuracy":0.8446601941747572,"_wandb":{"runtime":33}}