{"val_loss":0.4305737614631653,"_wandb":{"runtime":22},"step":290,"_step":0,"val_acc":83.76068115234375,"_runtime":22.3110614,"train_acc":70.85714721679688,"_timestamp":1.732732621832383e+09,"train_loss":0.5627034306526184}