{"val_acc":82.05128479003906,"_step":19,"step":290,"_wandb":{"runtime":36},"train_acc":90.32967376708984,"_timestamp":1.7330573808183877e+09,"train_loss":0.25774624943733215,"val_loss":0.3556939363479614,"_runtime":35.2188485}