{"val_acc":88.03418731689453,"train_acc":97.8448257446289,"val_loss":0.3465006649494171,"_runtime":8.1185926,"_step":19,"step":290,"_wandb":{"runtime":8},"_timestamp":1.7330503715200548e+09,"train_loss":0.14112451672554016}