{"_timestamp":1.73305477007917e+09,"_wandb":{"runtime":8},"_step":19,"val_acc":89.74359130859375,"train_loss":0.3231559097766876,"val_loss":0.39231783151626587,"step":290,"train_acc":91.86813354492188,"_runtime":8.0390558}