{"train_loss":0.2207745909690857,"_runtime":36.8233744,"step":290,"train_acc":93.84615325927734,"val_acc":84.61538696289062,"_timestamp":1.7329818735881805e+09,"_wandb":{"runtime":37},"_step":19,"val_loss":0.327519029378891}