{"_runtime":35.449979,"_wandb":{"runtime":36},"train_loss":0.15645594894886017,"val_acc":94.87179565429688,"_step":19,"_timestamp":1.7330462814095752e+09,"train_acc":96.26373291015625,"step":290,"val_loss":0.22810108959674835}