{"_step":19,"train_acc":99.56044006347656,"val_loss":0.3155517280101776,"val_acc":88.8888931274414,"step":290,"train_loss":0.04899715259671211,"_runtime":21.9437777,"_wandb":{"runtime":22},"_timestamp":1.7330450328963795e+09}