{"_runtime":27.2695633,"train_loss":0.5390273332595825,"_wandb":{"runtime":27},"train_acc":79.74137878417969,"_step":31,"val_acc":72.64957427978516,"val_loss":0.5447588562965393,"_timestamp":1.7328999614756722e+09,"step":232}