{"val_loss":0.27919039130210876,"_timestamp":1.7330455432044127e+09,"_wandb":{"runtime":22},"_runtime":21.9686448,"train_acc":92.96703338623047,"_step":19,"val_acc":85.47008514404297,"train_loss":0.21371501684188843,"step":290}