{"train_acc":96.33621215820312,"_wandb":{"runtime":8},"_timestamp":1.7330505120831542e+09,"_runtime":8.2462879,"_step":19,"val_acc":82.9059829711914,"val_loss":0.3529074490070343,"step":290,"train_loss":0.17115071415901184}