{"_runtime":24.0108514,"train_acc":69.8901138305664,"_wandb":{"runtime":24},"val_acc":86.32478332519531,"train_loss":0.4840668737888336,"step":290,"_timestamp":1.7330622946542275e+09,"val_loss":0.4430120885372162,"test_accuracy":0.7572815533980582,"_step":20}