{"train_acc":98.27586364746094,"_wandb":{"runtime":52},"test_accuracy":0.7766990291262136,"_step":20,"step":290,"val_acc":87.17948913574219,"train_loss":0.08119091391563416,"_timestamp":1.7330704036520205e+09,"val_loss":0.3379685878753662,"_runtime":52.3321595}