{"val_acc":83.76068115234375,"train_loss":0.07029171288013458,"_step":19,"train_acc":98.24176025390625,"val_loss":0.39978277683258057,"_runtime":21.1577881,"step":290,"_wandb":{"runtime":21},"_timestamp":1.7329803913180172e+09}