{"_timestamp":1.7330707603893578e+09,"train_loss":0.2748427987098694,"test_accuracy":0.7669902912621359,"val_loss":0.2932716906070709,"_step":20,"val_acc":87.17948913574219,"_wandb":{"runtime":57},"step":290,"_runtime":57.3924787,"train_acc":90.08621215820312}