{"_wandb":{"runtime":22},"_runtime":21.9587791,"_step":19,"step":290,"_timestamp":1.7330507295146253e+09,"train_loss":0.5878645181655884,"val_loss":0.5825169086456299,"train_acc":70.32967376708984,"val_acc":70.94017028808594}