{"_runtime":21.5489595,"_timestamp":1.7329736132019706e+09,"train_loss":0.2979619801044464,"val_loss":0.3325973451137543,"_step":19,"train_acc":89.67033386230469,"val_acc":86.32478332519531,"step":290,"_wandb":{"runtime":21}}