{"val_acc":87.17948913574219,"_runtime":23.675317,"val_loss":0.3285503387451172,"test_accuracy":0.6990291262135923,"_timestamp":1.733063811050626e+09,"_step":20,"_wandb":{"runtime":23},"train_loss":0.12266741693019867,"step":290,"train_acc":96.4835205078125}