{"_timestamp":1.7330477334693453e+09,"train_acc":95.25862121582031,"_wandb":{"runtime":36},"train_loss":0.19337421655654907,"val_loss":0.2752525210380554,"_runtime":35.798615,"step":290,"val_acc":88.8888931274414,"_step":19}