{"train_acc":53.40659713745117,"train_loss":0.6924340724945068,"val_acc":54.70085906982422,"step":290,"_timestamp":1.7327307679557872e+09,"_wandb":{"runtime":17},"val_loss":0.6909335255622864,"_runtime":17.4547492,"_step":0}