{"val_loss":0.29096782207489014,"step":290,"train_loss":0.24408359825611115,"_timestamp":1.7329733544073613e+09,"train_acc":90.54945373535156,"_step":19,"val_acc":88.03418731689453,"_runtime":22.1642667,"_wandb":{"runtime":22}}