{"train_loss":0.2723487317562103,"val_loss":0.30783960223197937,"_runtime":8.2235022,"val_acc":89.74359130859375,"train_acc":90.989013671875,"step":290,"_timestamp":1.7330547546095557e+09,"_step":19,"_wandb":{"runtime":8}}