{"train_acc":72.64574432373047,"train_loss":0.5811956524848938,"val_acc":61.5384635925293,"_timestamp":1.7329020433983896e+09,"_runtime":60.356393,"step":232,"_wandb":{"runtime":61},"val_loss":0.6832866668701172,"_step":47}