{"train_loss":0.16503512859344482,"_runtime":55.4313106,"val_loss":0.3120849132537842,"step":232,"_step":47,"val_acc":88.8888931274414,"train_acc":96.04395294189453,"_timestamp":1.7330430347955868e+09,"_wandb":{"runtime":56}}