{"train_acc":99.35344696044922,"_runtime":21.8413499,"_timestamp":1.732981222512428e+09,"train_loss":0.07093212008476257,"val_acc":84.61538696289062,"step":290,"_step":19,"_wandb":{"runtime":21},"val_loss":0.31509265303611755}