{"val_loss":0.23447445034980774,"val_acc":88.8888931274414,"test_accuracy":0.8349514563106796,"step":290,"train_acc":99.34066009521484,"train_loss":0.04722322151064873,"_step":20,"_timestamp":1.7330623570444705e+09,"_wandb":{"runtime":24},"_runtime":24.3787976}