{"train_acc":90.06593322753906,"_step":5,"_runtime":17.7300207,"_timestamp":1.7327346360686772e+09,"val_loss":0.3796287477016449,"train_loss":0.34025493264198303,"_wandb":{"runtime":17},"step":870,"val_acc":85.47008514404297}