{"_timestamp":1.7330552941722035e+09,"_wandb":{"runtime":21},"val_loss":0.4333590865135193,"_runtime":20.895494,"val_acc":82.05128479003906,"step":290,"_step":19,"train_loss":0.04941800981760025,"train_acc":99.34066009521484}