{"_wandb":{"runtime":36},"train_acc":94.72527313232422,"_runtime":36.0893516,"_timestamp":1.7329826391301653e+09,"val_acc":91.45299530029297,"_step":19,"val_loss":0.284448504447937,"step":290,"train_loss":0.2120547890663147}