{"_runtime":13.0068156,"step":290,"_wandb":{"runtime":13},"val_loss":0.3710716664791107,"_timestamp":1.7329718719055433e+09,"_step":9,"val_acc":83.76068115234375,"train_acc":87.71551513671875,"train_loss":0.36799272894859314}