{"train_loss":0.17143388092517853,"_timestamp":1.7330578369901087e+09,"train_acc":96.26373291015625,"val_acc":88.8888931274414,"val_loss":0.27159383893013,"_step":19,"_wandb":{"runtime":36},"_runtime":35.634418600000004,"step":290}