{"train_acc":85.4945068359375,"_wandb":{"runtime":10},"_timestamp":1.7330608338371332e+09,"val_loss":0.49010029435157776,"_step":20,"train_loss":0.452864408493042,"val_acc":82.05128479003906,"test_accuracy":0.7669902912621359,"step":290,"_runtime":10.556228}