{"val_loss":0.42583712935447693,"_step":20,"_timestamp":1.7330615207904844e+09,"train_acc":76.92308044433594,"train_loss":0.42001503705978394,"val_acc":84.61538696289062,"step":290,"_wandb":{"runtime":11},"test_accuracy":0.7184466019417476,"_runtime":11.2266986}