{"_runtime":24.5527065,"_step":0,"_wandb":{"runtime":42},"Test_accuracy":0.8446601941747572,"_timestamp":1.7332352482343726e+09}