{"val_loss":0.3176853358745575,"train_loss":0.14043310284614563,"train_acc":96.70330047607422,"_wandb":{"runtime":36},"_runtime":35.40026,"_step":19,"val_acc":84.61538696289062,"step":290,"_timestamp":1.7330467378979092e+09}