{"train_loss":0.14606283605098724,"val_acc":82.9059829711914,"val_loss":0.358735591173172,"_timestamp":1.7330472356489952e+09,"train_acc":97.14286041259766,"_runtime":35.6582034,"_wandb":{"runtime":36},"_step":19,"step":290}