{"step":290,"val_loss":0.3183758854866028,"train_loss":0.24041737616062164,"_step":19,"_wandb":{"runtime":36},"_runtime":36.0009551,"val_acc":84.61538696289062,"_timestamp":1.7329823492852213e+09,"train_acc":91.37931060791016}