{"val_loss":0.27459385991096497,"val_acc":86.32478332519531,"_step":19,"_runtime":8.3261724,"_wandb":{"runtime":8},"train_acc":96.18833923339844,"_timestamp":1.7330545833247824e+09,"train_loss":0.13121193647384644,"step":290}