{"val_loss":0.4236419200897217,"_runtime":12.7926553,"train_loss":0.4760304093360901,"_step":9,"val_acc":85.47008514404297,"step":290,"_timestamp":1.7329717216089578e+09,"_wandb":{"runtime":12},"train_acc":74.94505310058594}