{"_step":9,"train_loss":0.15461361408233643,"_runtime":13.9843666,"train_acc":95.47413635253906,"step":290,"_timestamp":1.7329713277178202e+09,"val_acc":85.47008514404297,"val_loss":0.29066890478134155,"_wandb":{"runtime":14}}