{"_runtime":10.2672494,"test_accuracy":0.7475728155339806,"train_loss":0.2097671627998352,"_timestamp":1.7330601039814103e+09,"step":290,"val_acc":82.05128479003906,"val_loss":0.43073195219039917,"_step":20,"_wandb":{"runtime":10},"train_acc":94.06593322753906}