{"train_loss":0.11222488433122635,"step":290,"_timestamp":1.7330565514032028e+09,"val_acc":86.32478332519531,"_wandb":{"runtime":35},"_runtime":35.1752521,"val_loss":0.31179946660995483,"_step":19,"train_acc":98.9011001586914}