{"val_loss":0.2718820571899414,"train_loss":0.21820516884326935,"test_accuracy":0.7961165048543689,"_wandb":{"runtime":52},"_timestamp":1.7330652853543255e+09,"step":290,"train_acc":92.1524658203125,"_runtime":52.7713716,"_step":20,"val_acc":88.03418731689453}