{"_runtime":35.6331987,"train_loss":0.14724574983119965,"_wandb":{"runtime":36},"val_acc":89.74359130859375,"_timestamp":1.7330474431622624e+09,"train_acc":97.14286041259766,"step":290,"val_loss":0.19723378121852875,"_step":19}