{"_runtime":10.3046318,"_wandb":{"runtime":10},"test_accuracy":0.7961165048543689,"_step":20,"train_acc":88.79120635986328,"train_loss":0.3947793245315552,"step":290,"val_acc":82.9059829711914,"val_loss":0.43485039472579956,"_timestamp":1.733061395135824e+09}