{"_timestamp":1.7329804434951355e+09,"_step":19,"_runtime":21.1832837,"_wandb":{"runtime":21},"train_loss":0.1526506543159485,"val_loss":0.37679633498191833,"train_acc":95.2914810180664,"val_acc":82.05128479003906,"step":290}