{"train_acc":89.23076629638672,"_wandb":{"runtime":52},"_runtime":52.1802899,"val_acc":85.47008514404297,"train_loss":0.3026324212551117,"test_accuracy":0.8058252427184466,"step":290,"_timestamp":1.733070119021941e+09,"val_loss":0.3102976977825165,"_step":20}