{"val_loss":0.2755689024925232,"train_acc":98.02198028564453,"_timestamp":1.733044644831615e+09,"_step":19,"_wandb":{"runtime":22},"_runtime":22.4351546,"step":290,"train_loss":0.11682374775409698,"val_acc":87.17948913574219}