{"_runtime":13.170827,"train_loss":0.2935609519481659,"_timestamp":1.732971913920125e+09,"step":290,"_wandb":{"runtime":13},"val_loss":0.2802330553531647,"_step":9,"train_acc":88.78923797607422,"val_acc":86.32478332519531}