{"_step":19,"train_loss":0.20778848230838776,"_wandb":{"runtime":21},"_runtime":21.3149797,"val_acc":93.16239166259766,"_timestamp":1.7330560199405382e+09,"val_loss":0.18817056715488434,"train_acc":93.62637329101562,"step":290}