{"val_loss":0.2970559000968933,"train_loss":0.21077637374401093,"_timestamp":1.732985461520556e+09,"val_acc":89.74359130859375,"train_acc":94.39655303955078,"step":290,"_wandb":{"runtime":37},"_step":19,"_runtime":36.2468866}