{"train_loss":0.3545313775539398,"_step":20,"_wandb":{"runtime":23},"val_acc":87.17948913574219,"step":290,"_timestamp":1.7330648565625029e+09,"_runtime":23.9953279,"val_loss":0.3312707543373108,"train_acc":83.73626708984375,"test_accuracy":0.7766990291262136}