{"_runtime":8.5479321,"val_acc":81.19657897949219,"val_loss":0.49201691150665283,"train_loss":0.3681030571460724,"train_acc":90.10989379882812,"_wandb":{"runtime":8},"step":290,"_step":19,"_timestamp":1.733054864310436e+09}