{"train_loss":0.1470697969198227,"step":290,"_step":19,"train_acc":96.26373291015625,"_timestamp":1.7330449295979702e+09,"_wandb":{"runtime":22},"_runtime":22.1706694,"val_acc":82.9059829711914,"val_loss":0.3375300168991089}