{"train_loss":0.1751754879951477,"_step":19,"val_loss":0.38654494285583496,"_timestamp":1.7330502153695295e+09,"train_acc":95.6043930053711,"_wandb":{"runtime":8},"val_acc":80.34188079833984,"step":290,"_runtime":8.2738891}