{"_timestamp":1.7323887795587595e+09,"_wandb":{"runtime":43},"train_loss":0.6424293518066406,"_step":19,"_runtime":42.9477607,"train_acc":65.37162017822266,"val_loss":0.6044982075691223,"step":7400,"val_acc":66.07142639160156}