{"val_acc":87.17948913574219,"train_acc":94.5054931640625,"_wandb":{"runtime":52},"val_loss":0.2841978967189789,"_timestamp":1.7330654556117227e+09,"_runtime":52.3540167,"test_accuracy":0.6893203883495146,"_step":20,"train_loss":0.17603756487369537,"step":290}