{"train_loss":0.25159409642219543,"step":290,"_wandb":{"runtime":22},"val_acc":88.8888931274414,"val_loss":0.3568967580795288,"_runtime":21.8987204,"_step":19,"train_acc":90.80717468261719,"_timestamp":1.733045488631776e+09}