{"_timestamp":1.732978704695178e+09,"_step":19,"train_loss":0.5077562928199768,"val_acc":81.19657897949219,"_runtime":21.3034442,"step":290,"val_loss":0.49634531140327454,"_wandb":{"runtime":21},"train_acc":78.44828033447266}