{"train_acc":92.0879135131836,"train_loss":0.229246586561203,"val_acc":83.76068115234375,"_step":9,"_wandb":{"runtime":13},"val_loss":0.3201892077922821,"step":290,"_runtime":13.0549866,"_timestamp":1.7329714826433847e+09}