{"train_loss":0.6781553030014038,"_timestamp":1.73236965827356e+09,"_runtime":18.2978097,"_step":4,"_wandb":{"runtime":18},"train_acc":59.408782958984375,"val_acc":59.82142639160156,"val_loss":0.6722151041030884,"step":1850}