{"_wandb":{"runtime":36},"step":290,"val_loss":0.49484068155288696,"train_loss":0.010672356933355331,"val_acc":88.8888931274414,"train_acc":100,"_timestamp":1.7330566350338736e+09,"_step":19,"_runtime":35.9318326}