{"_wandb":{"runtime":23},"train_loss":0.12475449591875076,"_step":20,"train_acc":96.18833923339844,"step":290,"_timestamp":1.733062774912474e+09,"val_acc":88.8888931274414,"test_accuracy":0.8446601941747572,"val_loss":0.299087256193161,"_runtime":23.0427929}