{"train_acc":94.84304809570312,"step":290,"_wandb":{"runtime":8},"val_loss":0.4445488154888153,"_step":19,"val_acc":88.03418731689453,"train_loss":0.33942025899887085,"_runtime":8.5383202,"_timestamp":1.732977966024555e+09}