{"train_acc":97.75784301757812,"val_acc":88.8888931274414,"_timestamp":1.733043916430212e+09,"_step":19,"_runtime":8.2552927,"train_loss":0.12278030067682266,"_wandb":{"runtime":8},"val_loss":0.3085229992866516,"step":290}