{"train_loss":0.1448320746421814,"val_acc":87.17948913574219,"val_loss":0.29977408051490784,"train_acc":96.4835205078125,"_step":19,"_timestamp":1.733056071847922e+09,"_runtime":21.1320213,"_wandb":{"runtime":21},"step":290}