{"val_loss":0.34247151017189026,"_step":19,"step":290,"_wandb":{"runtime":36},"val_acc":81.19657897949219,"train_loss":0.16368356347084045,"_runtime":35.6620795,"_timestamp":1.7330475677546601e+09,"train_acc":95.9051742553711}