{"val_loss":0.4630342721939087,"val_acc":80.34188079833984,"step":290,"_step":20,"train_loss":0.446062296628952,"_timestamp":1.7330608649699721e+09,"_wandb":{"runtime":10},"train_acc":76.90583038330078,"test_accuracy":0.6990291262135923,"_runtime":10.6149023}