{"train_acc":96.33621215820312,"step":290,"_timestamp":1.7330427860737853e+09,"val_acc":89.74359130859375,"val_loss":0.2615923583507538,"_wandb":{"runtime":64},"_runtime":63.5287011,"_step":59,"train_loss":0.1597587764263153}