{"train_acc":77.1551742553711,"step":290,"_timestamp":1.7330558905464733e+09,"_runtime":21.2719752,"_step":19,"_wandb":{"runtime":21},"train_loss":0.4420567750930786,"val_acc":88.8888931274414,"val_loss":0.32778745889663696}