{"step":290,"val_loss":0.33402031660079956,"_step":9,"_wandb":{"runtime":17},"val_acc":84.61538696289062,"train_loss":0.2956019639968872,"train_acc":88.57142639160156,"_timestamp":1.7329041269193604e+09,"_runtime":17.355592}