{"_wandb":{"runtime":52},"step":290,"train_acc":98.9011001586914,"train_loss":0.08335359394550323,"_timestamp":1.733065342021678e+09,"_step":20,"val_acc":86.32478332519531,"val_loss":0.36804911494255066,"test_accuracy":0.7669902912621359,"_runtime":52.6368002}