{"step":290,"_wandb":{"runtime":52},"val_acc":88.03418731689453,"_runtime":52.288237,"train_loss":0.2171144336462021,"test_accuracy":0.7669902912621359,"_timestamp":1.733070289860657e+09,"_step":20,"train_acc":93.84615325927734,"val_loss":0.31262636184692383}