{"_runtime":8.4154464,"_wandb":{"runtime":8},"val_acc":80.34188079833984,"train_acc":90.989013671875,"train_loss":0.42237845063209534,"val_loss":0.4993668496608734,"step":290,"_timestamp":1.7329773695613403e+09,"_step":19}