{"_runtime":36.2413805,"train_loss":0.17116382718086243,"val_acc":88.03418731689453,"step":290,"val_loss":0.2704235911369324,"_timestamp":1.7330461158068326e+09,"_wandb":{"runtime":37},"train_acc":95.2914810180664,"_step":19}