{"_runtime":10.8210539,"step":290,"_wandb":{"runtime":10},"val_acc":80.34188079833984,"val_loss":0.4884053170681,"test_accuracy":0.7087378640776699,"_timestamp":1.733061458090263e+09,"_step":20,"train_loss":0.4502767026424408,"train_acc":83.51648712158203}