{"step":290,"_step":19,"val_acc":86.32478332519531,"_wandb":{"runtime":21},"val_loss":0.26181063055992126,"_timestamp":1.7329738983023949e+09,"train_loss":0.2689013183116913,"train_acc":90.58296203613281,"_runtime":21.4419009}