{"step":290,"_wandb":{"runtime":51},"_runtime":51.9922594,"val_loss":0.2838713228702545,"_step":20,"train_loss":0.0653127133846283,"test_accuracy":0.7766990291262136,"_timestamp":1.7330698345323563e+09,"train_acc":98.49137878417969,"val_acc":85.47008514404297}