{"step":290,"train_loss":0.01222333312034607,"val_acc":86.32478332519531,"_wandb":{"runtime":53},"_runtime":53.2677033,"train_acc":100,"_step":20,"val_loss":0.392039030790329,"_timestamp":1.7330651723331432e+09,"test_accuracy":0.8155339805825242}