{"step":290,"train_loss":0.31175607442855835,"val_acc":85.47008514404297,"_timestamp":1.7329785757270226e+09,"_runtime":8.8811018,"_wandb":{"runtime":8},"train_acc":94.5054931640625,"val_loss":0.4482553005218506,"_step":19}