{"_runtime":20.9660587,"val_acc":86.32478332519531,"val_loss":0.26689377427101135,"train_acc":95.47413635253906,"train_loss":0.13585099577903748,"_step":19,"_timestamp":1.733056097505722e+09,"step":290,"_wandb":{"runtime":21}}