{"train_acc":93.4065933227539,"step":290,"_runtime":22.0124009,"_wandb":{"runtime":22},"_step":19,"val_loss":0.26416337490081787,"_timestamp":1.7330451105912564e+09,"val_acc":85.47008514404297,"train_loss":0.19266659021377563}