{"_wandb":{"runtime":21},"_timestamp":1.7329802360304182e+09,"train_loss":0.04002148658037186,"val_loss":0.2789057195186615,"step":290,"_step":19,"val_acc":88.03418731689453,"train_acc":100,"_runtime":21.207758}