{"val_loss":0.5075074434280396,"_timestamp":1.7330641420132766e+09,"_runtime":23.6354956,"_wandb":{"runtime":23},"test_accuracy":0.7766990291262136,"step":290,"_step":20,"val_acc":83.76068115234375,"train_acc":96.8609848022461,"train_loss":0.075611412525177}