{"step":290,"_timestamp":1.7330650533255262e+09,"_runtime":23.5530212,"_step":20,"train_acc":93.84615325927734,"val_loss":0.3045029044151306,"_wandb":{"runtime":23},"val_acc":87.17948913574219,"test_accuracy":0.7961165048543689,"train_loss":0.19654257595539093}