{"train_acc":99.55156707763672,"val_acc":89.74359130859375,"step":290,"_step":19,"_timestamp":1.7330555273171484e+09,"val_loss":0.30777934193611145,"_runtime":21.0162248,"_wandb":{"runtime":21},"train_loss":0.046560656279325485}