{"train_loss":0.1914055198431015,"step":290,"test_accuracy":0.8349514563106796,"_runtime":24.2925296,"_step":20,"train_acc":94.28571319580078,"_wandb":{"runtime":24},"val_loss":0.3057457208633423,"_timestamp":1.7330622018611865e+09,"val_acc":86.32478332519531}