{"step":290,"_runtime":8.5221748,"train_acc":93.62637329101562,"val_loss":0.44990065693855286,"train_loss":0.3701006770133972,"_wandb":{"runtime":8},"val_acc":86.32478332519531,"_timestamp":1.732977950374736e+09,"_step":19}