{"val_acc":84.61538696289062,"_wandb":{"runtime":10},"val_loss":0.38512635231018066,"_timestamp":1.7330606311778026e+09,"train_loss":0.3329518437385559,"_runtime":10.6732776,"test_accuracy":0.7669902912621359,"_step":20,"step":290,"train_acc":87.47252655029297}