{"train_acc":84.75336456298828,"train_loss":0.40748074650764465,"_runtime":10.3417992,"step":290,"test_accuracy":0.7669902912621359,"_wandb":{"runtime":10},"_timestamp":1.733061270169754e+09,"_step":20,"val_acc":84.61538696289062,"val_loss":0.44602170586586}