{"train_acc":96.4835205078125,"val_acc":82.9059829711914,"_timestamp":1.7330500174058967e+09,"_wandb":{"runtime":8},"_runtime":8.0400224,"step":290,"_step":19,"train_loss":0.15146714448928833,"val_loss":0.4097369909286499}