{"train_acc":67.9120864868164,"step":290,"_timestamp":1.7329809366754074e+09,"val_acc":82.9059829711914,"_runtime":21.549623,"val_loss":0.5171936750411987,"_wandb":{"runtime":21},"_step":19,"train_loss":0.5520923733711243}