{"test_accuracy":0.7864077669902912,"_wandb":{"runtime":52},"train_acc":99.34066009521484,"val_loss":0.3255141079425812,"step":290,"_runtime":52.122362,"train_loss":0.0613727793097496,"_timestamp":1.733068582420942e+09,"_step":20,"val_acc":88.8888931274414}