{"train_loss":0.2888012230396271,"val_loss":0.31261393427848816,"_runtime":39.1105166,"val_acc":83.76068115234375,"_step":19,"_wandb":{"runtime":39},"_timestamp":1.732983558195784e+09,"train_acc":90.58296203613281,"step":290}