{"val_loss":0.3361981213092804,"_timestamp":1.733045229601923e+09,"_runtime":22.0774071,"_wandb":{"runtime":22},"val_acc":90.5982894897461,"step":290,"_step":19,"train_loss":0.4361214339733124,"train_acc":77.14286041259766}