{"train_loss":0.2161676585674286,"_runtime":8.6229606,"_wandb":{"runtime":8},"step":290,"val_acc":90.5982894897461,"_step":19,"val_loss":0.2730028033256531,"train_acc":94.5054931640625,"_timestamp":1.7330438385572255e+09}