{"_wandb":{"runtime":17},"_runtime":15.1418084,"_timestamp":1.7323868254392557e+09,"_step":4,"train_loss":0.6743356585502625,"val_loss":0.6535679697990417,"step":1850,"val_acc":62.5,"train_acc":59.66216278076172}