{"_wandb":{"runtime":21},"step":290,"train_loss":0.0751815140247345,"_step":19,"train_acc":99.12088012695312,"_timestamp":1.7330556057030098e+09,"val_loss":0.28050506114959717,"val_acc":90.5982894897461,"_runtime":21.6636015}