{"_timestamp":1.7330681841792214e+09,"_runtime":52.2338316,"_step":20,"test_accuracy":0.7864077669902912,"val_loss":0.3764045238494873,"val_acc":83.76068115234375,"_wandb":{"runtime":52},"step":290,"train_acc":99.12088012695312,"train_loss":0.07564066350460052}