{"train_loss":0.173785001039505,"step":290,"_runtime":23.4606928,"val_acc":94.01709747314453,"_timestamp":1.733064493513625e+09,"test_accuracy":0.7864077669902912,"val_loss":0.2204837054014206,"_step":20,"train_acc":94.18103790283203,"_wandb":{"runtime":23}}