{"step":290,"_runtime":38.828475,"_timestamp":1.7329855984224334e+09,"_step":19,"val_loss":0.28658998012542725,"_wandb":{"runtime":39},"val_acc":90.5982894897461,"train_loss":0.22089605033397675,"train_acc":94.18103790283203}