{"_timestamp":1.733063531062152e+09,"train_acc":94.72527313232422,"val_acc":85.47008514404297,"test_accuracy":0.8252427184466019,"train_loss":0.17738154530525208,"step":290,"_wandb":{"runtime":23},"_step":20,"_runtime":23.534981,"val_loss":0.3715250492095947}