{"val_loss":0.32824084162712097,"_runtime":8.374156,"_step":19,"train_acc":97.19828033447266,"train_loss":0.14454425871372223,"_wandb":{"runtime":8},"step":290,"val_acc":88.03418731689453,"_timestamp":1.733044416251128e+09}