{"_wandb":{"runtime":8},"_timestamp":1.733054723738242e+09,"train_acc":95.82417297363281,"val_acc":88.8888931274414,"step":290,"_runtime":8.4491138,"_step":19,"train_loss":0.1881200075149536,"val_loss":0.2881990671157837}