{"_wandb":{"runtime":30},"train_loss":0.08392257243394852,"step":870,"_runtime":30.0911111,"val_acc":88.8888931274414,"train_acc":98.24176025390625,"val_loss":0.18990939855575562,"_step":29,"_timestamp":1.73290349204982e+09}