{"train_loss":0.30746573209762573,"val_acc":85.47008514404297,"_timestamp":1.7330599815079472e+09,"_step":20,"train_acc":92.30769348144531,"step":290,"_runtime":12.6162913,"val_loss":0.3846527934074402,"_wandb":{"runtime":12},"test_accuracy":0.7961165048543689}