{"val_acc":88.03418731689453,"_step":20,"_runtime":10.4879249,"train_acc":94.72527313232422,"val_loss":0.31383347511291504,"step":290,"test_accuracy":0.8252427184466019,"_wandb":{"runtime":10},"train_loss":0.20713169872760773,"_timestamp":1.7330617383585098e+09}