{"step":290,"_wandb":{"runtime":12},"val_loss":0.4108564257621765,"_timestamp":1.7329041944846041e+09,"_runtime":12.8013629,"_step":9,"train_acc":77.5824203491211,"train_loss":0.4389958679676056,"val_acc":86.32478332519531}