{"_runtime":68.5002296,"train_acc":89.68609619140625,"val_loss":0.29072892665863037,"step":290,"_step":59,"_timestamp":1.732902816814654e+09,"train_loss":0.3085547685623169,"val_acc":90.5982894897461,"_wandb":{"runtime":69}}