{"train_acc":95.04310607910156,"_wandb":{"runtime":8},"_step":19,"val_acc":86.32478332519531,"_timestamp":1.7330542855614254e+09,"val_loss":0.29216286540031433,"step":290,"train_loss":0.2117643654346466,"_runtime":8.0951203}