{"test_accuracy":0.7572815533980582,"_step":20,"step":290,"val_loss":0.39623329043388367,"train_loss":0.16039589047431946,"_runtime":23.0740019,"_wandb":{"runtime":23},"train_acc":95.04310607910156,"val_acc":79.4871826171875,"_timestamp":1.733062977405685e+09}