{"train_acc":95.68965148925781,"train_loss":0.17267143726348877,"_wandb":{"runtime":8},"val_loss":0.3193868100643158,"_timestamp":1.733050277845461e+09,"_runtime":8.1186501,"val_acc":83.76068115234375,"step":290,"_step":19}