{"_timestamp":1.7330559936827867e+09,"train_acc":96.26373291015625,"_step":19,"train_loss":0.13092850148677826,"val_acc":89.74359130859375,"val_loss":0.23534516990184784,"_runtime":21.0202584,"step":290,"_wandb":{"runtime":21}}