{"step":290,"_runtime":35.8808531,"_step":19,"train_acc":100,"train_loss":0.025642763823270798,"_timestamp":1.7330575888950965e+09,"val_loss":0.36493900418281555,"val_acc":85.47008514404297,"_wandb":{"runtime":36}}