{"train_acc":96.18833923339844,"_wandb":{"runtime":35},"step":290,"train_loss":0.14587469398975372,"_step":19,"val_acc":91.45299530029297,"val_loss":0.242091104388237,"_runtime":35.0580811,"_timestamp":1.7330568827824757e+09}