{"step":290,"_timestamp":1.7330454112173295e+09,"_wandb":{"runtime":22},"_runtime":22.1610462,"_step":19,"train_loss":0.06575794517993927,"val_acc":91.45299530029297,"train_acc":98.8789291381836,"val_loss":0.19825787842273712}