{"_timestamp":1.7330575468447104e+09,"_step":19,"_wandb":{"runtime":36},"train_loss":0.26965829730033875,"train_acc":92.52747344970703,"val_acc":89.74359130859375,"step":290,"val_loss":0.2697945535182953,"_runtime":35.2479186}