{"_runtime":21.9529577,"train_acc":83.0769271850586,"step":290,"_step":19,"train_loss":0.401887983083725,"_timestamp":1.7330448776284997e+09,"_wandb":{"runtime":22},"val_acc":80.34188079833984,"val_loss":0.39936038851737976}