{"train_acc":90.30171966552734,"val_loss":0.3019227981567383,"step":290,"train_loss":0.29623815417289734,"val_acc":88.8888931274414,"_timestamp":1.7329834070049362e+09,"_runtime":37.6913877,"_wandb":{"runtime":38},"_step":19}