{"val_acc":84.61538696289062,"_runtime":24.7281276,"val_loss":0.4498599171638489,"_step":19,"train_acc":93.4065933227539,"train_loss":0.20946359634399414,"_timestamp":1.7330505719285297e+09,"_wandb":{"runtime":24},"step":290}