{"train_acc":95.38461303710938,"step":290,"_step":19,"val_acc":89.74359130859375,"val_loss":0.23655641078948975,"_timestamp":1.7330466544854324e+09,"train_loss":0.19478416442871094,"_wandb":{"runtime":36},"_runtime":35.4084378}