{"train_loss":0.23111791908740997,"train_acc":93.4065933227539,"val_loss":0.30470338463783264,"_step":19,"_runtime":36.4027492,"step":290,"_timestamp":1.7329829293213298e+09,"_wandb":{"runtime":37},"val_acc":83.76068115234375}