{"_runtime":8.2642086,"_wandb":{"runtime":8},"val_acc":77.77777862548828,"val_loss":0.4453486204147339,"step":290,"train_acc":96.4835205078125,"train_loss":0.17381952702999115,"_timestamp":1.733043932026232e+09,"_step":19}