{"_runtime":23.3921848,"step":290,"test_accuracy":0.7961165048543689,"_step":20,"_timestamp":1.7330625529202118e+09,"val_acc":88.03418731689453,"val_loss":0.26146039366722107,"_wandb":{"runtime":23},"train_acc":93.4065933227539,"train_loss":0.1933121234178543}