{"val_loss":0.4089573919773102,"train_loss":0.5164394974708557,"_wandb":{"runtime":13},"_runtime":13.0243978,"_step":9,"val_acc":84.61538696289062,"train_acc":76.4835205078125,"step":290,"_timestamp":1.7329718258505464e+09}