{"train_acc":92.96703338623047,"_runtime":37.4422007,"val_loss":0.268451452255249,"_timestamp":1.7329845146083066e+09,"_wandb":{"runtime":38},"val_acc":90.5982894897461,"_step":19,"train_loss":0.22713609039783478,"step":290}