{"val_loss":0.3281494677066803,"_runtime":35.8066926,"_step":19,"train_acc":98.9011001586914,"_wandb":{"runtime":36},"step":290,"_timestamp":1.7330473603499162e+09,"train_loss":0.10798347741365433,"val_acc":89.74359130859375}