{"_runtime":21.5370192,"train_acc":99.10314178466797,"val_acc":88.03418731689453,"step":290,"_timestamp":1.7329743907984717e+09,"_step":19,"train_loss":0.06611691415309906,"_wandb":{"runtime":21},"val_loss":0.2944166958332062}