{"_wandb":{"runtime":10},"val_acc":86.32478332519531,"step":290,"train_acc":94.94505310058594,"val_loss":0.45025840401649475,"_timestamp":1.7329762870928595e+09,"_runtime":10.8698818,"_step":19,"train_loss":0.3434775471687317}