{"_timestamp":1.7330602445561442e+09,"_step":20,"step":290,"_wandb":{"runtime":10},"train_loss":0.34452691674232483,"_runtime":10.1452282,"val_acc":85.47008514404297,"val_loss":0.39120399951934814,"test_accuracy":0.7669902912621359,"train_acc":90.10989379882812}