{"train_acc":96.63677215576172,"step":290,"_step":19,"train_loss":0.15418128669261932,"val_acc":88.8888931274414,"_runtime":35.3494394,"_wandb":{"runtime":36},"_timestamp":1.7330475259764411e+09,"val_loss":0.23419189453125}