{"_runtime":8.0236753,"val_acc":83.76068115234375,"_step":19,"_timestamp":1.7329771191808338e+09,"train_loss":0.37411344051361084,"step":290,"_wandb":{"runtime":8},"val_loss":0.4533424377441406,"train_acc":93.49775695800781}