{"step":290,"_step":9,"_wandb":{"runtime":13},"val_loss":0.2760656774044037,"_timestamp":1.7329718094996564e+09,"_runtime":12.9191048,"train_loss":0.29581019282341003,"val_acc":86.32478332519531,"train_acc":87.93103790283203}