{"val_loss":0.2560109794139862,"_wandb":{"runtime":36},"train_loss":0.1537787765264511,"step":290,"_timestamp":1.7330469874306211e+09,"_step":19,"train_acc":97.085205078125,"val_acc":87.17948913574219,"_runtime":35.8533471}