{"val_loss":0.3187834918498993,"_timestamp":1.7330574225212657e+09,"val_acc":86.32478332519531,"_step":19,"_wandb":{"runtime":36},"_runtime":35.3653396,"train_loss":0.08680082112550735,"step":290,"train_acc":98.8789291381836}