{"train_acc":100,"step":290,"_wandb":{"runtime":21},"_runtime":21.5582952,"_step":19,"train_loss":0.024151291698217392,"val_acc":90.5982894897461,"val_loss":0.22883880138397217,"_timestamp":1.7329797696112869e+09}