{"val_acc":86.32478332519531,"val_loss":0.29143720865249634,"_wandb":{"runtime":21},"_runtime":21.3231294,"train_loss":0.37357771396636963,"_step":19,"train_acc":83.51648712158203,"step":290,"_timestamp":1.7329798730693216e+09}