{"_step":20,"val_acc":87.17948913574219,"val_loss":0.3418383002281189,"_timestamp":1.7330619994674938e+09,"train_acc":88.79120635986328,"test_accuracy":0.8155339805825242,"step":290,"_runtime":23.6050288,"_wandb":{"runtime":23},"train_loss":0.33349063992500305}