{"val_acc":91.45299530029297,"val_loss":0.19618281722068787,"train_loss":0.16470608115196228,"_runtime":21.8579795,"step":290,"_wandb":{"runtime":21},"_timestamp":1.7329811966633122e+09,"train_acc":94.72527313232422,"_step":19}