{"val_acc":89.74359130859375,"step":290,"train_acc":93.10344696044922,"_wandb":{"runtime":36},"train_loss":0.22922544181346893,"val_loss":0.28254103660583496,"_timestamp":1.732982514921864e+09,"_runtime":35.9477487,"_step":19}