{"train_acc":95.2914810180664,"val_acc":86.32478332519531,"val_loss":0.34397757053375244,"_step":19,"step":290,"train_loss":0.17936821281909943,"_runtime":36.2591502,"_timestamp":1.7329816976686754e+09,"_wandb":{"runtime":37}}