{"_timestamp":1.7330440729979205e+09,"val_acc":80.34188079833984,"train_acc":97.36264038085938,"_step":19,"train_loss":0.14102940261363983,"step":290,"_runtime":8.2464701,"_wandb":{"runtime":8},"val_loss":0.41508835554122925}