{"train_acc":94.84304809570312,"val_loss":0.32907670736312866,"_timestamp":1.7330502308839557e+09,"_wandb":{"runtime":8},"val_acc":85.47008514404297,"_step":19,"step":290,"train_loss":0.1662115752696991,"_runtime":8.1469818}