{"_runtime":35.5254162,"train_loss":0.006106324028223753,"train_acc":100,"_timestamp":1.7330570490189915e+09,"_step":19,"val_acc":88.8888931274414,"_wandb":{"runtime":36},"val_loss":0.28801214694976807,"step":290}