{"val_loss":0.3112143576145172,"_timestamp":1.7330497830720534e+09,"step":290,"_wandb":{"runtime":8},"_runtime":8.3906529,"train_loss":0.18956202268600464,"val_acc":87.17948913574219,"_step":19,"train_acc":95.2914810180664}