{"_wandb":{"runtime":52},"_step":20,"_timestamp":1.7330690945487268e+09,"train_loss":0.24133597314357758,"train_acc":90.989013671875,"_runtime":52.1292999,"test_accuracy":0.7961165048543689,"val_loss":0.30655670166015625,"val_acc":88.03418731689453,"step":290}