{"step":290,"_runtime":23.2048505,"_wandb":{"runtime":23},"val_acc":85.47008514404297,"val_loss":0.4296938478946686,"_timestamp":1.7330632257793024e+09,"_step":20,"train_loss":0.08097683638334274,"train_acc":98.9011001586914,"test_accuracy":0.7766990291262136}