{"_wandb":{"runtime":52},"_step":20,"val_acc":88.03418731689453,"step":290,"_timestamp":1.7330697208694332e+09,"train_acc":88.34080505371094,"train_loss":0.2603910565376282,"test_accuracy":0.7961165048543689,"_runtime":52.079799,"val_loss":0.2526404857635498}