{"_timestamp":1.732983836180214e+09,"train_acc":90.32967376708984,"_step":19,"_runtime":37.370458,"_wandb":{"runtime":38},"train_loss":0.25669416785240173,"val_acc":81.19657897949219,"step":290,"val_loss":0.35446998476982117}