{"_wandb":{"runtime":8},"train_loss":0.3568938970565796,"_runtime":8.33112,"val_acc":86.32478332519531,"train_acc":92.1524658203125,"step":290,"_step":19,"val_loss":0.45925280451774597,"_timestamp":1.732977744892055e+09}