{"_runtime":8.6632745,"_wandb":{"runtime":8},"train_loss":0.3603530526161194,"_step":19,"train_acc":94.5054931640625,"val_acc":85.47008514404297,"_timestamp":1.732977886123565e+09,"step":290,"val_loss":0.4003247916698456}