{"train_loss":0.1800440102815628,"_timestamp":1.7330612395138679e+09,"_step":20,"val_acc":82.05128479003906,"test_accuracy":0.7475728155339806,"_wandb":{"runtime":10},"val_loss":0.3744119107723236,"step":290,"_runtime":10.9026908,"train_acc":95.9051742553711}