{"_runtime":24.6939437,"_step":0,"Test_accuracy":0.8446601941747572,"_wandb":{"runtime":24},"_timestamp":1.7330709129156277e+09}