{"val_loss":0.18816933035850525,"step":290,"_step":19,"_wandb":{"runtime":21},"val_acc":94.01709747314453,"train_loss":0.11403225362300873,"_runtime":20.9522005,"train_acc":97.36264038085938,"_timestamp":1.7329797430453715e+09}