{"train_loss":0.21524953842163086,"_runtime":10.3458461,"step":290,"_step":20,"_wandb":{"runtime":10},"val_loss":0.29261088371276855,"train_acc":95.2914810180664,"val_acc":89.74359130859375,"_timestamp":1.7330600416464932e+09,"test_accuracy":0.7669902912621359}