{"_timestamp":1.7330443069228313e+09,"_step":19,"train_loss":0.17044299840927124,"_wandb":{"runtime":8},"_runtime":8.2385837,"val_acc":82.05128479003906,"step":290,"train_acc":97.19828033447266,"val_loss":0.3452197313308716}