{"val_acc":90.5982894897461,"_wandb":{"runtime":26},"train_loss":0.2372022569179535,"train_acc":92.0879135131836,"_runtime":26.0757738,"val_loss":0.24091213941574097,"step":290,"_step":20,"_timestamp":1.7330619397053306e+09,"test_accuracy":0.8058252427184466}