{"train_acc":99.86865234375,"val_acc":83.76068115234375,"_wandb":{"runtime":18},"step":870,"train_loss":0.12566976249217987,"_runtime":18.1362035,"_step":11,"val_loss":0.347873330116272,"_timestamp":1.7328868158109748e+09}