{"_wandb":{"runtime":35},"val_loss":0.46587228775024414,"step":290,"_timestamp":1.733056426353232e+09,"val_acc":82.05128479003906,"_step":19,"train_acc":71.33621215820312,"_runtime":34.4620809,"train_loss":0.530230700969696}