{"_runtime":21.6735465,"train_acc":99.34066009521484,"_step":19,"val_acc":90.5982894897461,"val_loss":0.21561570465564728,"_timestamp":1.7329807554871273e+09,"_wandb":{"runtime":21},"step":290,"train_loss":0.03643859922885895}