{"val_acc":85.47008514404297,"_timestamp":1.7330660802959042e+09,"train_loss":0.1934840977191925,"val_loss":0.2964591979980469,"_wandb":{"runtime":51},"_step":20,"step":290,"_runtime":51.4763003,"train_acc":94.17040252685547,"test_accuracy":0.7961165048543689}