{"val_loss":0.21116739511489868,"train_acc":99.56896209716797,"train_loss":0.04707666113972664,"step":290,"_step":19,"val_acc":87.17948913574219,"_wandb":{"runtime":22},"_runtime":22.271675600000002,"_timestamp":1.733045672975885e+09}