{"train_loss":0.2332579642534256,"_step":19,"val_acc":88.03418731689453,"_wandb":{"runtime":37},"val_loss":0.2793084979057312,"step":290,"_timestamp":1.7329848564262605e+09,"_runtime":36.7645772,"train_acc":94.18103790283203}