{"train_acc":92.96703338623047,"_runtime":8.1996852,"_wandb":{"runtime":8},"val_loss":0.3319716453552246,"val_acc":87.17948913574219,"_timestamp":1.7330545363903494e+09,"train_loss":0.19916778802871704,"step":290,"_step":19}