{"val_acc":84.61538696289062,"_timestamp":1.7330693788575418e+09,"val_loss":0.3139801025390625,"step":290,"train_acc":90.73275756835938,"test_accuracy":0.7669902912621359,"_wandb":{"runtime":52},"_runtime":52.0568079,"train_loss":0.2643786072731018,"_step":20}