{"train_loss":0.12428553402423859,"step":290,"train_acc":98.02198028564453,"val_loss":0.3078022599220276,"val_acc":82.05128479003906,"_wandb":{"runtime":63},"_runtime":63.1409853,"_step":59,"_timestamp":1.7330410373559191e+09}