{"val_acc":82.9059829711914,"_runtime":8.3811288,"_timestamp":1.7329773383264158e+09,"_step":19,"step":290,"train_acc":95.9051742553711,"train_loss":0.3038085401058197,"_wandb":{"runtime":8},"val_loss":0.414800763130188}