{"train_loss":0.11406710743904114,"_step":19,"val_acc":85.47008514404297,"train_acc":97.8448257446289,"_wandb":{"runtime":36},"_runtime":35.2288057,"val_loss":0.3096923530101776,"step":290,"_timestamp":1.7330565098157766e+09}