{"train_acc":96.4835205078125,"step":290,"_step":19,"val_loss":0.3861037492752075,"_timestamp":1.7330551125374362e+09,"_wandb":{"runtime":21},"train_loss":0.14235851168632507,"_runtime":20.938306,"val_acc":84.61538696289062}