{"val_acc":83.76068115234375,"_step":19,"train_loss":0.18168288469314575,"_wandb":{"runtime":8},"_runtime":8.306531,"val_loss":0.3706052303314209,"step":290,"train_acc":94.28571319580078,"_timestamp":1.7330441820090177e+09}