{"step":290,"train_loss":0.11625968664884567,"val_acc":88.03418731689453,"_timestamp":1.7329790951545815e+09,"_step":19,"_runtime":21.4750735,"_wandb":{"runtime":21},"val_loss":0.2678945064544678,"train_acc":97.36264038085938}