{"train_loss":0.08120004087686539,"step":290,"train_acc":98.9011001586914,"val_loss":0.3191041350364685,"_step":19,"_timestamp":1.733058252304515e+09,"_runtime":35.8965791,"_wandb":{"runtime":36},"val_acc":84.61538696289062}