{"val_acc":80.34188079833984,"val_loss":0.4424840807914734,"train_acc":95.04310607910156,"_step":19,"step":290,"train_loss":0.2955785393714905,"_timestamp":1.7329780286104867e+09,"_runtime":8.5501431,"_wandb":{"runtime":8}}