{"val_acc":88.03418731689453,"train_acc":98.92241668701172,"train_loss":0.12108533829450607,"step":290,"_wandb":{"runtime":36},"val_loss":0.25969576835632324,"_step":19,"_runtime":35.6489912,"_timestamp":1.7330468210536954e+09}