{"val_loss":0.3035966157913208,"_runtime":23.2218073,"step":290,"_timestamp":1.7330632976813223e+09,"train_loss":0.10513283312320709,"test_accuracy":0.8155339805825242,"_wandb":{"runtime":23},"_step":20,"train_acc":97.5824203491211,"val_acc":85.47008514404297}