{"_timestamp":1.7329827637834263e+09,"_wandb":{"runtime":37},"_runtime":36.4858136,"_step":19,"train_loss":0.19419245421886444,"step":290,"val_acc":87.17948913574219,"val_loss":0.3194998800754547,"train_acc":94.72527313232422}