{"_step":20,"val_loss":0.2047974169254303,"_runtime":51.5180802,"test_accuracy":0.7961165048543689,"_wandb":{"runtime":51},"_timestamp":1.7330661938365042e+09,"train_acc":100,"val_acc":86.32478332519531,"step":290,"train_loss":0.034656573086977005}