{"_wandb":{"runtime":21},"val_acc":88.8888931274414,"val_loss":0.3115254044532776,"_step":19,"step":290,"train_loss":0.3754810392856598,"train_acc":85.05494689941406,"_runtime":20.9989139,"_timestamp":1.7330553719423192e+09}