{"step":290,"_timestamp":1.7329740543212147e+09,"train_acc":92.52747344970703,"val_loss":0.2226843386888504,"train_loss":0.2130594104528427,"_wandb":{"runtime":21},"_step":19,"_runtime":21.8823605,"val_acc":89.74359130859375}