{"test_accuracy":0.7766990291262136,"_step":20,"_wandb":{"runtime":51},"train_loss":0.26747316122055054,"val_loss":0.2885704040527344,"step":290,"val_acc":91.45299530029297,"_runtime":51.7858839,"train_acc":89.67033386230469,"_timestamp":1.733067956687125e+09}