{"_runtime":8.1481216,"_step":19,"step":290,"_wandb":{"runtime":8},"train_loss":0.16914959251880646,"train_acc":96.76724243164062,"val_acc":87.17948913574219,"val_loss":0.3437848389148712,"_timestamp":1.7330499550295844e+09}