{"val_acc":85.47008514404297,"train_loss":0.07268541306257248,"val_loss":0.35794520378112793,"_runtime":20.9798592,"train_acc":98.24176025390625,"step":290,"_wandb":{"runtime":21},"_timestamp":1.7329791984514387e+09,"_step":19}