{"val_acc":87.17948913574219,"_timestamp":1.7330607715306478e+09,"_runtime":10.6681538,"train_loss":0.24399389326572418,"step":290,"test_accuracy":0.7961165048543689,"train_acc":91.86813354492188,"_wandb":{"runtime":10},"_step":20,"val_loss":0.3210335373878479}