{"_timestamp":1.733043776076978e+09,"val_loss":0.28376829624176025,"val_acc":88.8888931274414,"step":290,"train_loss":0.16045847535133362,"train_acc":95.6043930053711,"_step":19,"_wandb":{"runtime":8},"_runtime":8.5070171}