{"val_loss":0.30695217847824097,"_runtime":35.6108391,"train_loss":0.22991177439689636,"_step":19,"val_acc":91.45299530029297,"_timestamp":1.7329767376217694e+09,"_wandb":{"runtime":36},"step":290,"train_acc":92.45689392089844}