{"_wandb":{"runtime":39},"_step":19,"_runtime":38.383652,"step":290,"train_acc":93.62637329101562,"train_loss":0.21610069274902344,"val_loss":0.5193613171577454,"_timestamp":1.7329836506527557e+09,"val_acc":82.9059829711914}