{"Test_accuracy":0.8446601941747572,"_wandb":{"runtime":50},"_timestamp":1.733235183160647e+09,"_runtime":24.2316782,"_step":0}