{"_timestamp":1.7330502464993901e+09,"val_loss":0.3001704812049866,"val_acc":88.8888931274414,"train_acc":98.43048858642578,"step":290,"_step":19,"train_loss":0.1327793151140213,"_runtime":8.1417054,"_wandb":{"runtime":8}}