{"val_acc":83.76068115234375,"val_loss":0.4881296157836914,"_wandb":{"runtime":8},"step":290,"_runtime":8.5198316,"train_acc":89.91031646728516,"_timestamp":1.732977510463981e+09,"train_loss":0.42847898602485657,"_step":19}