{"_runtime":21.1501079,"_wandb":{"runtime":21},"_timestamp":1.7329805992288647e+09,"train_acc":91.42857360839844,"val_loss":0.4258602261543274,"train_loss":0.2526019215583801,"val_acc":82.05128479003906,"step":290,"_step":19}