{"train_loss":0.11157677322626114,"_timestamp":1.7330634949123876e+09,"_step":20,"step":290,"_runtime":23.5808587,"test_accuracy":0.7961165048543689,"_wandb":{"runtime":23},"train_acc":97.36264038085938,"val_loss":0.23239916563034058,"val_acc":90.5982894897461}