{"_step":9,"_timestamp":1.73297174717835e+09,"_runtime":12.7620856,"val_loss":0.43706053495407104,"train_loss":0.3558652102947235,"val_acc":80.34188079833984,"_wandb":{"runtime":12},"step":290,"train_acc":85.93406677246094}