{"_timestamp":1.7330498144105854e+09,"train_acc":92.45689392089844,"_wandb":{"runtime":8},"val_acc":91.45299530029297,"val_loss":0.24835285544395447,"step":290,"_step":19,"train_loss":0.20977963507175446,"_runtime":8.4508805}