{"val_acc":85.47008514404297,"_runtime":23.2461881,"test_accuracy":0.8155339805825242,"val_loss":0.2696165144443512,"_timestamp":1.7330633601049132e+09,"_wandb":{"runtime":23},"step":290,"_step":20,"train_acc":96.33621215820312,"train_loss":0.13591621816158295}