{"_runtime":8.0343892,"_wandb":{"runtime":8},"train_loss":0.21188104152679443,"val_acc":78.63247680664062,"step":290,"_timestamp":1.7330498924666126e+09,"_step":19,"train_acc":94.61206817626953,"val_loss":0.3908446133136749}