{"train_acc":100,"_wandb":{"runtime":21},"train_loss":0.017662255093455315,"val_loss":0.3598533570766449,"_runtime":21.3217324,"_timestamp":1.7329798471742175e+09,"_step":19,"step":290,"val_acc":88.03418731689453}