{"_step":19,"train_loss":0.17686352133750916,"train_acc":95.68965148925781,"val_acc":86.32478332519531,"val_loss":0.29710134863853455,"_timestamp":1.7330553983512018e+09,"_runtime":21.4692475,"step":290,"_wandb":{"runtime":21}}