{"train_loss":0.3846455216407776,"_step":19,"_wandb":{"runtime":8},"_timestamp":1.733054661156036e+09,"val_acc":86.32478332519531,"val_loss":0.423331081867218,"step":290,"train_acc":85.42601013183594,"_runtime":8.3053486}