{"_timestamp":1.7330563445590067e+09,"_step":19,"train_loss":0.2607983350753784,"_runtime":35.4366915,"val_acc":93.16239166259766,"_wandb":{"runtime":36},"train_acc":91.64835357666016,"step":290,"val_loss":0.276058554649353}