{"train_loss":0.07684670388698578,"_timestamp":1.7330666483987327e+09,"_runtime":51.6102566,"val_acc":88.03418731689453,"test_accuracy":0.7475728155339806,"step":290,"val_loss":0.30562087893486023,"_step":20,"_wandb":{"runtime":51},"train_acc":99.13793182373047}