{"_step":20,"val_acc":91.45299530029297,"val_loss":0.23528921604156494,"_wandb":{"runtime":23},"_runtime":23.4285214,"_timestamp":1.7330646492569003e+09,"step":290,"test_accuracy":0.8155339805825242,"train_acc":92.88793182373047,"train_loss":0.2193809598684311}