{"val_acc":88.8888931274414,"val_loss":0.2434518039226532,"_timestamp":1.7329791728132596e+09,"_runtime":21.2338896,"train_loss":0.11975473910570145,"_wandb":{"runtime":21},"step":290,"_step":19,"train_acc":97.14286041259766}