{"val_acc":82.05128479003906,"_timestamp":1.7329713106469867e+09,"_runtime":12.4784305,"step":290,"train_loss":0.3925221860408783,"val_loss":0.3794157803058624,"_step":9,"_wandb":{"runtime":12},"train_acc":85.42601013183594}