{"_timestamp":1.733045517468787e+09,"val_acc":82.9059829711914,"step":290,"train_loss":0.13849830627441406,"_runtime":22.1006036,"_step":19,"train_acc":96.70330047607422,"val_loss":0.3785930871963501,"_wandb":{"runtime":22}}