{"val_acc":89.74359130859375,"_wandb":{"runtime":13},"val_loss":0.2532298266887665,"_timestamp":1.7329722827223186e+09,"step":290,"_runtime":13.2329672,"train_loss":0.21423465013504028,"_step":9,"train_acc":92.82511138916016}