{"_wandb":{"runtime":23},"step":290,"test_accuracy":0.7378640776699029,"train_acc":98.02198028564453,"val_acc":86.32478332519531,"train_loss":0.11149480193853378,"val_loss":0.3263075351715088,"_runtime":23.0314406,"_step":20,"_timestamp":1.7330624225987515e+09}