{"train_acc":91.86813354492188,"_runtime":8.4719261,"val_loss":0.4596400260925293,"_step":19,"train_loss":0.32664915919303894,"_wandb":{"runtime":8},"val_acc":88.03418731689453,"step":290,"_timestamp":1.7329774634729214e+09}