{"_timestamp":1.7330610986794934e+09,"test_accuracy":0.7378640776699029,"val_acc":79.4871826171875,"train_loss":0.584357500076294,"train_acc":63.79310607910156,"_wandb":{"runtime":10},"_step":20,"step":290,"val_loss":0.4626045227050781,"_runtime":10.5887925}