{"_wandb":{"runtime":21},"train_acc":96.26373291015625,"_runtime":21.42216,"val_acc":88.03418731689453,"_timestamp":1.7329790435335746e+09,"val_loss":0.31828948855400085,"_step":19,"train_loss":0.14035381376743317,"step":290}