{"_step":20,"train_loss":0.3224791884422302,"_runtime":23.498876,"val_acc":88.8888931274414,"_wandb":{"runtime":23},"train_acc":86.0986557006836,"step":290,"_timestamp":1.733062615094409e+09,"val_loss":0.31960633397102356,"test_accuracy":0.7961165048543689}