{"train_acc":93.31896209716797,"_timestamp":1.7330570902454429e+09,"_wandb":{"runtime":36},"_step":19,"train_loss":0.20707495510578156,"val_acc":93.16239166259766,"_runtime":35.3178262,"step":290,"val_loss":0.20714563131332397}