{"_wandb":{"runtime":8},"_timestamp":1.7329778705913782e+09,"_runtime":8.7146036,"val_acc":88.8888931274414,"train_acc":94.82758331298828,"train_loss":0.32016539573669434,"val_loss":0.38946497440338135,"step":290,"_step":19}