{"train_acc":99.12088012695312,"_timestamp":1.7329793540714958e+09,"_runtime":21.0161286,"val_acc":91.45299530029297,"val_loss":0.17744077742099762,"_wandb":{"runtime":21},"train_loss":0.08042650669813156,"_step":19,"step":290}