{"_timestamp":1.732977604532185e+09,"train_loss":0.37562477588653564,"_step":19,"val_acc":86.32478332519531,"train_acc":91.86813354492188,"val_loss":0.4485865533351898,"step":290,"_wandb":{"runtime":9},"_runtime":8.9156362}