{"_timestamp":1.7330579205123534e+09,"_runtime":36.1491525,"_wandb":{"runtime":36},"step":290,"val_acc":79.4871826171875,"train_acc":99.13793182373047,"train_loss":0.048644568771123886,"_step":19,"val_loss":0.4639914929866791}