{"step":290,"_step":20,"val_loss":0.33449095487594604,"_wandb":{"runtime":10},"train_acc":94.61206817626953,"_timestamp":1.7330618787974346e+09,"test_accuracy":0.7961165048543689,"train_loss":0.19626083970069885,"_runtime":10.640524599999999,"val_acc":86.32478332519531}