{"step":290,"_runtime":36.1323855,"val_acc":82.9059829711914,"_timestamp":1.7330565938157628e+09,"_step":19,"_wandb":{"runtime":36},"train_loss":0.3086310029029846,"train_acc":90.80717468261719,"val_loss":0.37183070182800293}