{"Test_accuracy":0.8446601941747572,"_timestamp":1.7330711106184306e+09,"_runtime":24.6991694,"_step":0,"_wandb":{"runtime":24}}