{"train_acc":93.62637329101562,"val_loss":0.5439417958259583,"_wandb":{"runtime":36},"_runtime":36.7240521,"train_loss":0.18677431344985962,"_step":5,"val_acc":76.06837463378906,"_timestamp":1.7327336480041978e+09,"step":870}