{"val_acc":81.19657897949219,"step":290,"_step":20,"test_accuracy":0.7864077669902912,"val_loss":0.3836657404899597,"_runtime":10.390381,"_wandb":{"runtime":10},"train_acc":92.52747344970703,"train_loss":0.25692036747932434,"_timestamp":1.733061442000264e+09}