{"_wandb":{"runtime":36},"_runtime":35.7938047,"train_loss":0.11697718501091003,"step":290,"_step":19,"_timestamp":1.7330476093795843e+09,"val_acc":85.47008514404297,"val_loss":0.2684442102909088,"train_acc":98.02198028564453}