{"_timestamp":1.7329851046586833e+09,"_runtime":36.472089,"train_loss":0.27367064356803894,"val_acc":86.32478332519531,"val_loss":0.2777315676212311,"train_acc":89.87068939208984,"step":290,"_wandb":{"runtime":37},"_step":19}