{"train_loss":0.2603153884410858,"val_acc":89.74359130859375,"_runtime":21.2457851,"_step":19,"val_loss":0.2744802236557007,"train_acc":90.35874938964844,"_wandb":{"runtime":21},"_timestamp":1.7329788097390113e+09,"step":290}