{"train_loss":0.2467346042394638,"val_loss":0.3390519618988037,"train_acc":89.67033386230469,"_timestamp":1.7330548796439056e+09,"step":290,"_wandb":{"runtime":8},"val_acc":85.47008514404297,"_runtime":8.3396829,"_step":19}