{"train_loss":0.17922699451446533,"val_loss":0.31971627473831177,"val_acc":82.9059829711914,"step":290,"_step":19,"train_acc":96.04395294189453,"_timestamp":1.7330501005749032e+09,"_runtime":8.0236594,"_wandb":{"runtime":8}}