{"_step":19,"val_acc":92.30769348144531,"train_acc":94.61883544921875,"_timestamp":1.732977934781822e+09,"_runtime":8.6012415,"train_loss":0.3103189766407013,"val_loss":0.4159198999404907,"step":290,"_wandb":{"runtime":8}}