{"test_accuracy":0.7378640776699029,"_timestamp":1.7330616603088582e+09,"_wandb":{"runtime":10},"step":290,"train_acc":95.82417297363281,"val_acc":82.9059829711914,"_step":20,"_runtime":10.3687712,"train_loss":0.1715240776538849,"val_loss":0.3641202747821808}