{"_step":19,"val_loss":0.24716240167617798,"_wandb":{"runtime":21},"step":290,"_runtime":21.4487722,"_timestamp":1.7329793286045957e+09,"val_acc":93.16239166259766,"train_acc":90.32967376708984,"train_loss":0.2568158805370331}