{"_wandb":{"runtime":38},"val_loss":0.29597657918930054,"_step":19,"_timestamp":1.7330569264637465e+09,"_runtime":37.4530696,"train_loss":0.05442836880683899,"val_acc":88.03418731689453,"train_acc":98.92241668701172,"step":290}