{"val_loss":0.2920164167881012,"train_loss":0.18968649208545685,"step":290,"_timestamp":1.7330504184384477e+09,"_runtime":8.2295308,"_wandb":{"runtime":8},"val_acc":87.17948913574219,"_step":19,"train_acc":94.61883544921875}