{"train_acc":80.87911987304688,"val_loss":0.38441962003707886,"_runtime":11.0098635,"_step":20,"test_accuracy":0.7378640776699029,"val_acc":88.03418731689453,"step":290,"_wandb":{"runtime":11},"_timestamp":1.7330611459574337e+09,"train_loss":0.4123026430606842}