{"_wandb":{"runtime":13},"_runtime":13.0072571,"_timestamp":1.7329723550401132e+09,"train_loss":0.41767996549606323,"val_loss":0.3478586971759796,"step":290,"_step":9,"val_acc":89.74359130859375,"train_acc":82.11206817626953}