{"_wandb":{"runtime":25},"val_acc":79.4871826171875,"train_loss":0.5550364851951599,"_runtime":25.9696068,"_step":20,"_timestamp":1.7330597612975757e+09,"train_acc":67.93721771240234,"val_loss":0.5290952324867249,"step":290,"test_accuracy":0.7572815533980582}