{"test_accuracy":0.7572815533980582,"_wandb":{"runtime":10},"train_loss":0.4740105867385864,"_timestamp":1.7330608024676406e+09,"step":290,"_runtime":10.2645115,"_step":20,"train_acc":75.82418060302734,"val_acc":82.05128479003906,"val_loss":0.42333826422691345}