{"train_acc":97.30941772460938,"_timestamp":1.7330691512193377e+09,"_step":20,"train_loss":0.14985786378383636,"test_accuracy":0.7766990291262136,"_runtime":51.8978568,"step":290,"val_acc":84.61538696289062,"_wandb":{"runtime":51},"val_loss":0.27380698919296265}