{"_step":19,"val_acc":82.9059829711914,"_runtime":21.6288963,"train_loss":0.2721981406211853,"_wandb":{"runtime":21},"train_acc":89.68609619140625,"step":290,"_timestamp":1.7329738726551216e+09,"val_loss":0.36863279342651367}