{"_timestamp":1.732978434892027e+09,"_step":19,"train_acc":93.04933166503906,"val_acc":82.9059829711914,"val_loss":0.47952955961227417,"_wandb":{"runtime":8},"train_loss":0.4022185802459717,"step":290,"_runtime":8.609729399999999}