{"val_acc":84.61538696289062,"step":290,"train_acc":89.010986328125,"_wandb":{"runtime":51},"_step":20,"train_loss":0.3213699162006378,"test_accuracy":0.7766990291262136,"_timestamp":1.733067672521779e+09,"val_loss":0.3191221356391907,"_runtime":51.6864829}