{"step":290,"val_acc":82.05128479003906,"_wandb":{"runtime":13},"train_loss":0.2353716492652893,"val_loss":0.33307698369026184,"_timestamp":1.732971981394026e+09,"train_acc":91.20879364013672,"_runtime":13.0964047,"_step":9}