{"_step":19,"_wandb":{"runtime":8},"_runtime":8.48205,"_timestamp":1.7330548173056371e+09,"train_loss":0.2659006416797638,"val_acc":82.9059829711914,"step":290,"train_acc":91.20879364013672,"val_loss":0.3905111849308014}