{"_step":19,"val_acc":81.19657897949219,"_runtime":8.2423847,"_timestamp":1.7330542699688427e+09,"val_loss":0.4580560326576233,"step":290,"_wandb":{"runtime":8},"train_loss":0.305026113986969,"train_acc":90.35874938964844}