{"step":290,"train_acc":100,"val_loss":0.25780200958251953,"_step":19,"_timestamp":1.7329804175999715e+09,"_runtime":21.4321515,"train_loss":0.03236239776015282,"_wandb":{"runtime":21},"val_acc":90.5982894897461}