{"train_loss":0.3542678952217102,"_wandb":{"runtime":8},"step":290,"_timestamp":1.732977713688649e+09,"val_loss":0.42763975262641907,"_runtime":8.3156218,"val_acc":82.05128479003906,"train_acc":92.0879135131836,"_step":19}