{"train_loss":0.14766480028629303,"val_loss":0.20073290169239044,"_wandb":{"runtime":53},"_runtime":53.7198984,"train_acc":96.70330047607422,"val_acc":90.5982894897461,"test_accuracy":0.7669902912621359,"_timestamp":1.7330705808107264e+09,"_step":20,"step":290}