{"_runtime":21.5055995,"train_acc":95.73991394042969,"_wandb":{"runtime":21},"train_loss":0.16036799550056458,"val_loss":0.3153020143508911,"_timestamp":1.732974261195387e+09,"step":290,"val_acc":82.9059829711914,"_step":19}