{"_runtime":37.4418496,"_timestamp":1.7329840590574439e+09,"val_acc":91.45299530029297,"val_loss":0.27568918466567993,"step":290,"train_loss":0.1969512552022934,"train_acc":95.0672607421875,"_step":19,"_wandb":{"runtime":38}}