{"val_acc":93.16239166259766,"val_loss":0.1604883372783661,"train_acc":97.41378784179688,"step":290,"train_loss":0.13267765939235687,"_wandb":{"runtime":51},"_timestamp":1.73306738848299e+09,"test_accuracy":0.8058252427184466,"_runtime":51.7288001,"_step":20}