{"step":290,"_step":19,"_runtime":21.1733112,"_timestamp":1.7329803395183625e+09,"train_loss":0.08480924367904663,"train_acc":98.46154022216797,"_wandb":{"runtime":21},"val_acc":82.9059829711914,"val_loss":0.3653874397277832}