{"val_loss":0.4480823278427124,"step":290,"_step":19,"train_loss":0.2831628918647766,"train_acc":90.32967376708984,"_wandb":{"runtime":22},"val_acc":81.19657897949219,"_runtime":22.1591915,"_timestamp":1.732980989288369e+09}