{"_runtime":23.1024486,"val_loss":0.25035277009010315,"_timestamp":1.7330624488464565e+09,"val_acc":88.8888931274414,"_step":20,"train_acc":95.9051742553711,"_wandb":{"runtime":23},"train_loss":0.128911092877388,"test_accuracy":0.8058252427184466,"step":290}