{"train_acc":72.52747344970703,"val_loss":0.41217920184135437,"_timestamp":1.7330619684395945e+09,"test_accuracy":0.8058252427184466,"_wandb":{"runtime":23},"_step":20,"val_acc":89.74359130859375,"_runtime":23.8491686,"step":290,"train_loss":0.5021092891693115}