{"_wandb":{"runtime":36},"val_loss":0.22754307091236115,"_timestamp":1.7330464057877743e+09,"val_acc":86.32478332519531,"step":290,"train_acc":97.36264038085938,"_step":19,"train_loss":0.1278204470872879,"_runtime":35.362983}