{"val_loss":0.31202903389930725,"_wandb":{"runtime":36},"train_acc":96.55171966552734,"_runtime":35.6097544,"_step":19,"train_loss":0.15578848123550415,"_timestamp":1.7330469455983267e+09,"step":290,"val_acc":84.61538696289062}