{"_step":19,"val_loss":0.3143306374549866,"step":290,"train_acc":92.45689392089844,"_timestamp":1.733045776440761e+09,"_runtime":22.1521485,"train_loss":0.21048428118228912,"_wandb":{"runtime":22},"val_acc":83.76068115234375}