{"step":290,"val_loss":0.41833144426345825,"_step":19,"_wandb":{"runtime":8},"train_loss":0.31008487939834595,"_timestamp":1.7329783413782876e+09,"train_acc":94.61206817626953,"val_acc":87.17948913574219,"_runtime":8.662275}