{"_runtime":23.4390231,"step":290,"train_acc":96.04395294189453,"train_loss":0.11096968501806259,"test_accuracy":0.7961165048543689,"_step":20,"_timestamp":1.7330634225517101e+09,"val_loss":0.22312341630458832,"val_acc":90.5982894897461,"_wandb":{"runtime":23}}