{"step":290,"_wandb":{"runtime":36},"_step":19,"val_loss":0.25120675563812256,"_runtime":35.8321413,"_timestamp":1.733046156703395e+09,"train_loss":0.14833851158618927,"val_acc":91.45299530029297,"train_acc":97.14286041259766}