{"_wandb":{"runtime":25},"val_acc":91.45299530029297,"_runtime":24.9203662,"train_loss":0.20236685872077942,"train_acc":93.75,"_timestamp":1.7330519422765014e+09,"_step":19,"val_loss":0.25774386525154114,"step":290}