{"train_acc":89.8901138305664,"_timestamp":1.7330605680760021e+09,"_step":20,"train_loss":0.29131099581718445,"_wandb":{"runtime":9},"step":290,"val_loss":0.4104001224040985,"test_accuracy":0.7766990291262136,"val_acc":82.05128479003906,"_runtime":9.963904}