{"_wandb":{"runtime":22},"_timestamp":1.7329764850085464e+09,"train_loss":0.25869208574295044,"_runtime":21.9576485,"_step":19,"train_acc":91.5948257446289,"val_acc":85.47008514404297,"step":290,"val_loss":0.36108434200286865}