{"_wandb":{"runtime":23},"train_loss":0.2444887012243271,"step":290,"val_loss":0.24404729902744293,"_timestamp":1.7330647477881312e+09,"_runtime":23.4769072,"_step":20,"train_acc":91.37931060791016,"val_acc":91.45299530029297,"test_accuracy":0.7864077669902912}