{"train_acc":91.92825317382812,"train_loss":0.3345387279987335,"_step":19,"val_loss":0.4096410274505615,"_wandb":{"runtime":8},"step":290,"_runtime":8.4334248,"val_acc":89.74359130859375,"_timestamp":1.732977635321642e+09}