{"train_acc":97.80220031738281,"train_loss":0.07831472903490067,"val_acc":79.4871826171875,"_timestamp":1.732980080492809e+09,"val_loss":0.542813241481781,"_wandb":{"runtime":21},"_runtime":21.3071352,"_step":19,"step":290}