{"_runtime":10.9190409,"val_loss":0.41331228613853455,"test_accuracy":0.7281553398058253,"_timestamp":1.7330612551696808e+09,"train_loss":0.4238952696323395,"val_acc":90.5982894897461,"step":290,"_step":20,"_wandb":{"runtime":10},"train_acc":82.41758728027344}