{"_step":19,"val_acc":80.34188079833984,"step":290,"val_loss":0.4241764545440674,"_timestamp":1.7329785913202515e+09,"_runtime":8.8770829,"_wandb":{"runtime":8},"train_acc":93.4065933227539,"train_loss":0.3225889503955841}