{"val_loss":0.284294068813324,"_step":19,"train_loss":0.39979127049446106,"step":290,"_timestamp":1.7329743392482443e+09,"_wandb":{"runtime":21},"train_acc":77.1551742553711,"val_acc":89.74359130859375,"_runtime":21.8465208}