{"step":290,"_timestamp":1.7329809625914528e+09,"train_acc":99.56896209716797,"train_loss":0.03282245621085167,"val_loss":0.22172106802463531,"_runtime":21.5034333,"_step":19,"_wandb":{"runtime":21},"val_acc":91.45299530029297}