{"val_loss":0.2537223696708679,"test_accuracy":0.7572815533980582,"_runtime":10.80677,"_wandb":{"runtime":10},"_step":20,"train_loss":0.17241504788398743,"train_acc":96.70330047607422,"step":290,"_timestamp":1.733061910185361e+09,"val_acc":88.03418731689453}