{"_timestamp":1.732984297507321e+09,"step":290,"_step":19,"train_acc":93.4065933227539,"val_acc":90.5982894897461,"_runtime":37.8021383,"train_loss":0.2479432225227356,"_wandb":{"runtime":38},"val_loss":0.28539401292800903}