{"step":290,"_runtime":21.2183215,"_step":19,"val_loss":0.3717246651649475,"_timestamp":1.7329796399381242e+09,"_wandb":{"runtime":21},"train_acc":76.72413635253906,"train_loss":0.40829893946647644,"val_acc":85.47008514404297}