{"_runtime":11.6061477,"step":290,"_timestamp":1.7330614899892478e+09,"val_acc":82.05128479003906,"_step":20,"test_accuracy":0.7281553398058253,"_wandb":{"runtime":11},"train_acc":89.23766326904297,"val_loss":0.3660466969013214,"train_loss":0.31246253848075867}