{"_step":20,"test_accuracy":0.8058252427184466,"train_acc":92.30769348144531,"step":290,"_timestamp":1.7330682407753084e+09,"val_loss":0.3604753911495209,"_runtime":51.9248912,"train_loss":0.2368171513080597,"_wandb":{"runtime":51},"val_acc":81.19657897949219}