{"step":290,"val_acc":87.17948913574219,"_wandb":{"runtime":35},"_step":19,"_timestamp":1.7329763273263736e+09,"train_loss":0.23514480888843536,"_runtime":35.1333584,"val_loss":0.31740447878837585,"train_acc":93.9461898803711}