{"val_loss":0.4491732120513916,"_timestamp":1.732978372518873e+09,"train_loss":0.36525219678878784,"_step":19,"val_acc":85.47008514404297,"step":290,"_wandb":{"runtime":8},"_runtime":8.6933086,"train_acc":91.86813354492188}