{"step":290,"_step":19,"_runtime":36.1295661,"train_loss":0.2383340299129486,"val_loss":0.25507065653800964,"_wandb":{"runtime":37},"val_acc":89.74359130859375,"_timestamp":1.7329848973185828e+09,"train_acc":92.30769348144531}