{"train_acc":77.80220031738281,"step":290,"train_loss":0.4924060106277466,"test_accuracy":0.7281553398058253,"val_acc":85.47008514404297,"_step":20,"_wandb":{"runtime":23},"val_loss":0.415706992149353,"_timestamp":1.7330645198791611e+09,"_runtime":23.408317}