{"val_acc":86.32478332519531,"train_acc":93.72197723388672,"val_loss":0.3468034267425537,"test_accuracy":0.7961165048543689,"train_loss":0.23876598477363586,"_step":20,"_wandb":{"runtime":9},"_timestamp":1.7330599939596663e+09,"step":290,"_runtime":9.4596481}