{"step":290,"_wandb":{"runtime":8},"val_loss":0.3257944583892822,"train_loss":0.15184025466442108,"_timestamp":1.733043963230097e+09,"_runtime":8.2745242,"train_acc":97.19828033447266,"_step":19,"val_acc":87.17948913574219}