{"train_acc":94.94505310058594,"_wandb":{"runtime":8},"step":290,"_step":19,"val_loss":0.47464674711227417,"train_loss":0.344340980052948,"_timestamp":1.7329775730860507e+09,"_runtime":8.6228706,"val_acc":81.19657897949219}