{"_wandb":{"runtime":37},"val_loss":0.32885056734085083,"train_acc":92.24137878417969,"train_loss":0.25936537981033325,"_runtime":36.8432771,"_timestamp":1.7329849393646598e+09,"step":290,"val_acc":82.9059829711914,"_step":19}