{"_wandb":{"runtime":13},"step":290,"_runtime":13.2830009,"_step":9,"val_loss":0.37843361496925354,"_timestamp":1.7329716335671878e+09,"val_acc":81.19657897949219,"train_acc":89.00862121582031,"train_loss":0.29962843656539917}