{"_wandb":{"runtime":8},"train_acc":98.24176025390625,"train_loss":0.11317194253206253,"_step":19,"_runtime":8.1415378,"_timestamp":1.7330503403029451e+09,"step":290,"val_acc":84.61538696289062,"val_loss":0.34956926107406616}