{"_runtime":35.805172,"_timestamp":1.73304677968099e+09,"val_acc":87.17948913574219,"_wandb":{"runtime":36},"_step":19,"train_loss":0.17568053305149078,"val_loss":0.2541612684726715,"step":290,"train_acc":96.76724243164062}