{"val_loss":0.40345168113708496,"val_acc":86.32478332519531,"train_acc":93.84615325927734,"_runtime":8.5891835,"_timestamp":1.7329784036010892e+09,"step":290,"train_loss":0.3237324059009552,"_step":19,"_wandb":{"runtime":8}}