{"_wandb":{"runtime":37},"val_loss":0.33706387877464294,"val_acc":85.47008514404297,"train_acc":93.84615325927734,"_runtime":36.1061469,"_step":19,"_timestamp":1.7329813862136588e+09,"train_loss":0.23826704919338226,"step":290}