{"_wandb":{"runtime":8},"_runtime":8.2478871,"_step":19,"_timestamp":1.7330439945116396e+09,"step":290,"val_acc":81.19657897949219,"train_acc":96.18833923339844,"train_loss":0.1547023057937622,"val_loss":0.3649750351905823}