{"test_accuracy":0.7961165048543689,"val_loss":0.49768513441085815,"_timestamp":1.7330616757656991e+09,"step":290,"_step":20,"train_acc":83.4051742553711,"_runtime":10.3047532,"train_loss":0.47818657755851746,"val_acc":80.34188079833984,"_wandb":{"runtime":10}}