{"_runtime":23.6133648,"_step":20,"train_loss":0.12004301697015762,"train_acc":97.53363037109375,"step":290,"val_acc":86.32478332519531,"_wandb":{"runtime":23},"val_loss":0.277142733335495,"test_accuracy":0.8155339805825242,"_timestamp":1.7330648199539368e+09}