{"_timestamp":1.7330613795735564e+09,"_runtime":10.3009544,"val_acc":82.05128479003906,"val_loss":0.3831731379032135,"_wandb":{"runtime":10},"train_acc":96.12068939208984,"train_loss":0.1768275499343872,"test_accuracy":0.7766990291262136,"_step":20,"step":290}