{"_wandb":{"runtime":34},"train_acc":92.67241668701172,"val_loss":0.4249696135520935,"train_loss":0.21964110434055328,"_timestamp":1.733045174759951e+09,"val_acc":83.76068115234375,"step":290,"_step":19,"_runtime":34.4245506}