{"val_loss":0.4421757161617279,"_timestamp":1.7330610210732381e+09,"_runtime":10.7649775,"_wandb":{"runtime":10},"train_loss":0.40852802991867065,"test_accuracy":0.7087378640776699,"train_acc":82.63736724853516,"step":290,"_step":20,"val_acc":78.63247680664062}