{"test_accuracy":0.7475728155339806,"_runtime":10.2543563,"val_acc":81.19657897949219,"_timestamp":1.7330606152092283e+09,"_step":20,"train_acc":81.97801971435547,"train_loss":0.411051869392395,"step":290,"val_loss":0.4531162679195404,"_wandb":{"runtime":10}}