{"_runtime":31.7996192,"_timestamp":1.7328997431981645e+09,"val_loss":0.31209924817085266,"step":290,"train_acc":88.57142639160156,"_wandb":{"runtime":31},"train_loss":0.31553953886032104,"val_acc":88.8888931274414,"_step":39}