{"val_acc":84.61538696289062,"_timestamp":1.733045646586293e+09,"train_loss":0.4205625057220459,"train_acc":83.51648712158203,"val_loss":0.3887530565261841,"_wandb":{"runtime":21},"_runtime":21.8176179,"_step":19,"step":290}