{"val_acc":84.61538696289062,"test_accuracy":0.7961165048543689,"_timestamp":1.7330605843384063e+09,"_step":20,"_runtime":10.5743743,"train_acc":95.16483306884766,"train_loss":0.2367262989282608,"_wandb":{"runtime":10},"val_loss":0.3355385959148407,"step":290}