{"_runtime":35.8950754,"train_acc":91.37931060791016,"_timestamp":1.7329821837280855e+09,"_wandb":{"runtime":36},"val_acc":80.34188079833984,"val_loss":0.4258202314376831,"train_loss":0.24695098400115967,"step":290,"_step":19}