{"val_loss":0.28158506751060486,"val_acc":87.17948913574219,"_runtime":10.7774739,"_step":20,"train_acc":92.1524658203125,"test_accuracy":0.7961165048543689,"train_loss":0.2617047429084778,"_wandb":{"runtime":10},"_timestamp":1.73306066246431e+09,"step":290}