{"step":290,"_timestamp":1.7329776197014441e+09,"train_acc":97.085205078125,"val_acc":77.77777862548828,"train_loss":0.26410216093063354,"_step":19,"val_loss":0.4684887230396271,"_runtime":8.4325721,"_wandb":{"runtime":8}}