{"_wandb":{"runtime":12},"train_acc":88.79120635986328,"val_loss":0.36652112007141113,"_timestamp":1.7329720434575307e+09,"_step":9,"step":290,"val_acc":82.05128479003906,"_runtime":12.7289225,"train_loss":0.2902075946331024}