{"val_loss":0.6684881448745728,"train_acc":57.820945739746094,"_timestamp":1.7323710927423742e+09,"train_loss":0.6791777610778809,"step":1850,"val_acc":63.392860412597656,"_wandb":{"runtime":15},"_step":4,"_runtime":15.0845406}