{"_wandb":{"runtime":23},"_step":20,"val_loss":0.2760193347930908,"test_accuracy":0.8058252427184466,"step":290,"val_acc":93.16239166259766,"train_acc":80.26905822753906,"train_loss":0.4055553078651428,"_timestamp":1.733062801485271e+09,"_runtime":23.3452291}