{"_wandb":{"runtime":38},"step":290,"train_acc":92.45689392089844,"_runtime":37.5110159,"val_loss":0.29182642698287964,"_step":19,"val_acc":93.16239166259766,"_timestamp":1.7329844732916584e+09,"train_loss":0.2604788839817047}