{"val_acc":82.05128479003906,"step":290,"train_loss":0.2687218487262726,"_wandb":{"runtime":37},"val_loss":0.3785766363143921,"train_acc":91.25560760498047,"_runtime":36.2648549,"_step":19,"_timestamp":1.7329830120567226e+09}