{"step":290,"_wandb":{"runtime":21},"val_loss":0.3282778561115265,"val_acc":83.76068115234375,"_step":19,"_timestamp":1.7329800284036474e+09,"_runtime":21.1066277,"train_acc":91.20879364013672,"train_loss":0.24011197686195374}