{"_timestamp":1.7330555017704384e+09,"step":290,"_runtime":21.3666018,"_step":19,"train_acc":93.96551513671875,"val_acc":88.03418731689453,"_wandb":{"runtime":21},"val_loss":0.29022619128227234,"train_loss":0.18413817882537842}