{"step":290,"_wandb":{"runtime":21},"train_acc":74.78448486328125,"_step":19,"train_loss":0.45544835925102234,"_runtime":21.8134645,"val_acc":82.05128479003906,"_timestamp":1.7329765938293047e+09,"val_loss":0.4061080515384674}