{"_step":19,"val_loss":0.28668004274368286,"_timestamp":1.7329744687032816e+09,"step":290,"train_loss":0.27007609605789185,"_wandb":{"runtime":21},"_runtime":21.7065699,"val_acc":87.17948913574219,"train_acc":89.67033386230469}