{"train_acc":84.08071899414062,"step":290,"_step":19,"_wandb":{"runtime":21},"_runtime":21.2612983,"_timestamp":1.73297953610274e+09,"val_acc":81.19657897949219,"train_loss":0.3865741193294525,"val_loss":0.3954172730445862}