{"step":290,"_wandb":{"runtime":8},"_timestamp":1.7330501214986844e+09,"train_loss":0.11597370356321335,"val_acc":85.47008514404297,"val_loss":0.3422062397003174,"train_acc":97.98206329345703,"_step":19,"_runtime":8.1756857}