{"test_accuracy":0.7864077669902912,"val_acc":85.47008514404297,"train_loss":0.31097155809402466,"_runtime":10.1097642,"train_acc":91.64835357666016,"_step":20,"step":290,"_timestamp":1.733061316803631e+09,"_wandb":{"runtime":10},"val_loss":0.3956140875816345}