{"train_acc":93.72197723388672,"val_acc":88.8888931274414,"train_loss":0.2040317803621292,"_timestamp":1.7330446965999396e+09,"_runtime":22.3127434,"_wandb":{"runtime":22},"val_loss":0.2597077488899231,"step":290,"_step":19}