{"train_acc":90.54945373535156,"test_accuracy":0.7281553398058253,"_wandb":{"runtime":10},"_runtime":10.697484,"_timestamp":1.733061052139436e+09,"_step":20,"step":290,"val_acc":84.61538696289062,"train_loss":0.28370973467826843,"val_loss":0.3442883789539337}