{"val_loss":0.375795841217041,"train_loss":0.16763435304164886,"_runtime":8.1383083,"val_acc":83.76068115234375,"_timestamp":1.7330501683804297e+09,"step":290,"_step":19,"train_acc":95.73991394042969,"_wandb":{"runtime":8}}