{"_runtime":17.3077651,"train_loss":0.26317209005355835,"val_loss":0.3654303550720215,"_wandb":{"runtime":17},"step":870,"val_acc":82.9059829711914,"_step":5,"train_acc":95.12088012695312,"_timestamp":1.7327347441304698e+09}