{"train_loss":0.1761358380317688,"test_accuracy":0.8252427184466019,"_wandb":{"runtime":25},"step":290,"val_loss":0.26479053497314453,"_step":20,"train_acc":93.84615325927734,"val_acc":91.45299530029297,"_timestamp":1.7330635953742902e+09,"_runtime":25.5344543}