{"step":290,"_step":20,"train_loss":0.022793887183070183,"val_acc":88.03418731689453,"test_accuracy":0.7864077669902912,"_wandb":{"runtime":49},"train_acc":100,"_timestamp":1.733059816280343e+09,"val_loss":0.32396721839904785,"_runtime":49.520717}