{"_runtime":8.4338392,"_timestamp":1.733054676904462e+09,"_wandb":{"runtime":8},"_step":19,"train_acc":93.9461898803711,"val_acc":77.77777862548828,"val_loss":0.4150058329105377,"step":290,"train_loss":0.22285029292106628}