{"val_loss":0.46343615651130676,"val_acc":89.74359130859375,"_wandb":{"runtime":21},"step":290,"_step":19,"_timestamp":1.7330556316518416e+09,"_runtime":21.7319046,"train_acc":100,"train_loss":0.04520244523882866}