{"_timestamp":1.732971394461088e+09,"val_acc":86.32478332519531,"_wandb":{"runtime":13},"_step":9,"train_acc":85.4945068359375,"step":290,"train_loss":0.4203466475009918,"_runtime":13.1287263,"val_loss":0.35504892468452454}