{"val_loss":0.3793622553348541,"_wandb":{"runtime":8},"_timestamp":1.7330498768610494e+09,"_runtime":8.0384678,"_step":19,"train_loss":0.17667007446289062,"val_acc":78.63247680664062,"step":290,"train_acc":94.39655303955078}