{"_wandb":{"runtime":21},"_runtime":21.2610668,"train_loss":0.42374151945114136,"_timestamp":1.7329790690842357e+09,"_step":19,"step":290,"val_loss":0.38067251443862915,"train_acc":84.05171966552734,"val_acc":86.32478332519531}