{"train_loss":0.28831925988197327,"train_acc":87.9120864868164,"_step":9,"val_loss":0.3804275095462799,"step":290,"_wandb":{"runtime":13},"_timestamp":1.732972205167917e+09,"_runtime":13.1005557,"val_acc":82.9059829711914}