{"val_acc":88.03418731689453,"_timestamp":1.7330649286952612e+09,"_runtime":23.6383993,"train_loss":0.11564984172582626,"_wandb":{"runtime":23},"_step":20,"train_acc":96.70330047607422,"step":290,"val_loss":0.29592132568359375,"test_accuracy":0.8155339805825242}