{"val_loss":0.17221303284168243,"_step":19,"train_loss":0.1689031571149826,"_wandb":{"runtime":21},"_timestamp":1.7329787565256302e+09,"val_acc":95.72649383544922,"_runtime":21.3316153,"step":290,"train_acc":94.94505310058594}