{"val_acc":84.61538696289062,"_wandb":{"runtime":23},"step":290,"test_accuracy":0.8252427184466019,"_step":20,"train_acc":95.16483306884766,"val_loss":0.3059467077255249,"_timestamp":1.7330642764854124e+09,"_runtime":23.5903524,"train_loss":0.17667973041534424}