{"step":290,"_runtime":8.5070134,"val_acc":87.17948913574219,"_timestamp":1.733054468962188e+09,"train_loss":0.39845719933509827,"train_acc":88.57142639160156,"_wandb":{"runtime":8},"val_loss":0.4424021244049072,"_step":19}