{"_wandb":{"runtime":8},"val_acc":87.17948913574219,"train_acc":91.47982025146484,"train_loss":0.2570490539073944,"val_loss":0.3340298533439636,"step":290,"_runtime":8.4971916,"_timestamp":1.733054973885482e+09,"_step":19}