{"val_acc":66.07142639160156,"_runtime":552.7285156,"_wandb":{"runtime":552},"_step":4,"step":1850,"train_loss":0.412883460521698,"_timestamp":1.7323598098694396e+09,"val_loss":0.6808260679244995,"train_acc":82.21283721923828}