{"_wandb":{"runtime":23},"train_loss":0.0975385382771492,"step":290,"_timestamp":1.7330643124656239e+09,"_step":20,"train_acc":97.53363037109375,"test_accuracy":0.8252427184466019,"_runtime":23.3800258,"val_loss":0.2381906807422638,"val_acc":92.30769348144531}