{"train_acc":95.82417297363281,"step":290,"_wandb":{"runtime":8},"_timestamp":1.733054958220051e+09,"val_loss":0.2821652591228485,"_step":19,"train_loss":0.18128977715969086,"val_acc":91.45299530029297,"_runtime":8.7069411}