{"val_loss":0.2636301815509796,"val_acc":88.03418731689453,"train_acc":94.18103790283203,"_wandb":{"runtime":36},"_step":19,"_runtime":35.4952075,"train_loss":0.23000171780586243,"step":290,"_timestamp":1.7329765244277852e+09}