{"_step":19,"val_loss":0.43599197268486023,"train_acc":95.25862121582031,"train_loss":0.3026309907436371,"_runtime":8.9145629,"step":290,"val_acc":82.9059829711914,"_timestamp":1.7329782789599302e+09,"_wandb":{"runtime":9}}