{"_wandb":{"runtime":8},"train_loss":0.15853336453437805,"_step":19,"train_acc":96.4835205078125,"val_acc":83.76068115234375,"_runtime":8.2278532,"val_loss":0.33051547408103943,"step":290,"_timestamp":1.733050033165848e+09}