{"step":290,"_step":19,"train_acc":94.94505310058594,"val_acc":82.05128479003906,"train_loss":0.3072619140148163,"_runtime":8.4283784,"_wandb":{"runtime":8},"val_loss":0.4892624616622925,"_timestamp":1.7329774166197066e+09}