{"train_acc":88.79310607910156,"val_acc":82.9059829711914,"train_loss":0.3438315987586975,"_wandb":{"runtime":21},"val_loss":0.3794649541378021,"_timestamp":1.7329799246573148e+09,"_step":19,"step":290,"_runtime":21.1804435}