{"_step":19,"_wandb":{"runtime":8},"train_loss":0.31134480237960815,"train_acc":89.67033386230469,"val_loss":0.31093260645866394,"val_acc":89.74359130859375,"step":290,"_runtime":8.2713406,"_timestamp":1.7330542542161393e+09}