{"_wandb":{"runtime":37},"train_loss":0.23267418146133423,"_step":19,"val_loss":0.3173988163471222,"val_acc":85.47008514404297,"_runtime":36.9565035,"train_acc":92.60089111328125,"step":290,"_timestamp":1.732983137002911e+09}