{"train_acc":98.49137878417969,"_timestamp":1.7329810404105437e+09,"_step":19,"val_acc":90.5982894897461,"train_loss":0.09332356601953506,"val_loss":0.1904238611459732,"_wandb":{"runtime":21},"_runtime":21.3603786,"step":290}