{"val_loss":0.2624013125896454,"_timestamp":1.7330466961276371e+09,"_wandb":{"runtime":36},"val_acc":88.8888931274414,"_step":19,"train_loss":0.19597794115543365,"step":290,"train_acc":94.61883544921875,"_runtime":35.2611378}