{"step":290,"_runtime":11.193586,"_timestamp":1.733060382289109e+09,"train_loss":0.16824132204055786,"_step":20,"test_accuracy":0.7864077669902912,"train_acc":96.55171966552734,"val_acc":84.61538696289062,"val_loss":0.29317957162857056,"_wandb":{"runtime":11}}