{"val_acc":88.03418731689453,"train_loss":0.21101191639900208,"_runtime":59.41363,"step":290,"train_acc":94.72527313232422,"_step":59,"_wandb":{"runtime":60},"_timestamp":1.7329749725119843e+09,"val_loss":0.2903774380683899}