{"train_loss":0.08454494178295135,"step":290,"val_acc":92.30769348144531,"_step":19,"val_loss":0.1923455446958542,"_timestamp":1.7330570074705322e+09,"train_acc":99.13793182373047,"_runtime":35.4741731,"_wandb":{"runtime":36}}