{"step":290,"_runtime":12.8726039,"val_loss":0.438992440700531,"val_acc":80.34188079833984,"_wandb":{"runtime":12},"train_loss":0.2493676096200943,"_step":9,"train_acc":91.03138732910156,"_timestamp":1.7329719395458694e+09}