{"train_acc":97.19828033447266,"train_loss":0.10657843202352524,"test_accuracy":0.8155339805825242,"_timestamp":1.7330690382071698e+09,"val_loss":0.2605460584163666,"_runtime":52.7817267,"_wandb":{"runtime":52},"step":290,"val_acc":84.61538696289062,"_step":20}