{"_runtime":65.6149502,"step":290,"_step":59,"train_loss":0.1503564566373825,"val_loss":0.3215809166431427,"train_acc":96.04395294189453,"_wandb":{"runtime":66},"val_acc":81.19657897949219,"_timestamp":1.7330415922300394e+09}