{"train_acc":93.84615325927734,"val_loss":0.3021456003189087,"_step":19,"train_loss":0.22861211001873016,"val_acc":87.17948913574219,"_runtime":35.8543471,"_wandb":{"runtime":36},"step":290,"_timestamp":1.7330566762537892e+09}