{"_timestamp":1.733054832943077e+09,"_runtime":8.5165459,"step":290,"val_loss":0.39490842819213867,"train_acc":88.56502532958984,"train_loss":0.36115577816963196,"val_acc":82.05128479003906,"_wandb":{"runtime":8},"_step":19}