{"step":290,"val_loss":0.33855974674224854,"_step":19,"_wandb":{"runtime":11},"_timestamp":1.7330512932373776e+09,"train_loss":0.1909724473953247,"val_acc":82.9059829711914,"train_acc":95.96412658691406,"_runtime":10.9261626}