{"val_acc":88.8888931274414,"step":290,"_wandb":{"runtime":65},"train_loss":0.12902675569057465,"_step":59,"_runtime":65.0803274,"train_acc":98.27586364746094,"val_loss":0.26826614141464233,"_timestamp":1.7329863863251503e+09}