{"_timestamp":1.7330624747521498e+09,"train_loss":0.3935646116733551,"test_accuracy":0.8155339805825242,"_step":20,"val_loss":0.35521450638771057,"val_acc":84.61538696289062,"_wandb":{"runtime":22},"step":290,"_runtime":22.9893947,"train_acc":84.3956069946289}