{"_runtime":52.5637226,"step":290,"_timestamp":1.7330700058511035e+09,"train_acc":84.97757720947266,"val_acc":82.9059829711914,"_step":20,"_wandb":{"runtime":52},"train_loss":0.34519076347351074,"val_loss":0.35917750000953674,"test_accuracy":0.7378640776699029}