{"val_acc":87.17948913574219,"_timestamp":1.7330708217658472e+09,"_step":20,"train_loss":0.06031771004199982,"val_loss":0.36242178082466125,"test_accuracy":0.7475728155339806,"_runtime":56.8864202,"_wandb":{"runtime":56},"step":290,"train_acc":99.35344696044922}