{"_step":19,"_wandb":{"runtime":8},"_runtime":8.6132501,"train_loss":0.3128122389316559,"val_loss":0.4264991879463196,"step":290,"val_acc":87.17948913574219,"_timestamp":1.7329775574393704e+09,"train_acc":93.4065933227539}