{"train_acc":91.86813354492188,"val_acc":87.17948913574219,"_timestamp":1.7329826815871627e+09,"_runtime":37.1505492,"train_loss":0.26449742913246155,"_step":19,"val_loss":0.35383301973342896,"step":290,"_wandb":{"runtime":38}}