{"val_acc":88.8888931274414,"_wandb":{"runtime":35},"val_loss":0.23973587155342102,"train_acc":97.14286041259766,"_step":19,"train_loss":0.12381245195865631,"_timestamp":1.7330459899669156e+09,"_runtime":34.3939205,"step":290}