{"_runtime":8.1262362,"_step":19,"val_loss":0.35235702991485596,"_timestamp":1.73305019956061e+09,"_wandb":{"runtime":8},"val_acc":85.47008514404297,"step":290,"train_loss":0.17431406676769257,"train_acc":96.26373291015625}