{"_wandb":{"runtime":8},"val_loss":0.4670184850692749,"step":290,"_step":19,"_runtime":8.1805254,"_timestamp":1.7329766217867916e+09,"train_loss":0.30510544776916504,"val_acc":82.05128479003906,"train_acc":94.28571319580078}