{"train_loss":0.24178335070610046,"val_acc":85.47008514404297,"_step":19,"step":290,"_timestamp":1.7329839757573473e+09,"_runtime":37.3351734,"train_acc":94.61206817626953,"val_loss":0.3418039381504059,"_wandb":{"runtime":38}}