{"step":290,"train_loss":0.03850608691573143,"val_loss":0.27071088552474976,"_timestamp":1.7329800027180307e+09,"_step":19,"train_acc":100,"val_acc":88.03418731689453,"_wandb":{"runtime":21},"_runtime":21.4885391}