{"train_loss":0.11061082780361176,"step":290,"_timestamp":1.7329807808027048e+09,"_runtime":21.1188579,"train_acc":97.14286041259766,"val_acc":89.74359130859375,"_wandb":{"runtime":21},"val_loss":0.2444644570350647,"_step":19}