{"val_loss":0.421318382024765,"_wandb":{"runtime":21},"_timestamp":1.7329810922570536e+09,"step":290,"train_acc":87.03296661376953,"train_loss":0.3369635343551636,"_runtime":21.3665289,"val_acc":81.19657897949219,"_step":19}