{"train_loss":0.05179547145962715,"val_loss":0.30163103342056274,"_step":19,"step":290,"val_acc":87.17948913574219,"_runtime":21.4205066,"train_acc":99.32735443115234,"_wandb":{"runtime":21},"_timestamp":1.7329801583610826e+09}