{"val_loss":0.3156675398349762,"train_acc":95.82417297363281,"step":290,"_wandb":{"runtime":8},"train_loss":0.17659689486026764,"_timestamp":1.733050434077466e+09,"val_acc":84.61538696289062,"_step":19,"_runtime":8.2904792}