{"step":290,"_step":19,"train_acc":94.18103790283203,"_timestamp":1.7329767798941152e+09,"_wandb":{"runtime":37},"_runtime":36.5152278,"val_acc":88.8888931274414,"train_loss":0.21856778860092163,"val_loss":0.24977603554725647}