{"_timestamp":1.733062265238195e+09,"train_loss":0.18652713298797607,"val_loss":0.3994174301624298,"_wandb":{"runtime":25},"train_acc":94.06593322753906,"_step":20,"val_acc":83.76068115234375,"test_accuracy":0.8058252427184466,"step":290,"_runtime":25.6290339}