{"train_loss":0.05963432788848877,"val_acc":89.74359130859375,"step":290,"train_acc":99.77578735351562,"_runtime":26.2577447,"_wandb":{"runtime":26},"_timestamp":1.7329732239157586e+09,"_step":19,"val_loss":0.27355462312698364}