{"step":290,"val_loss":0.24658824503421783,"_runtime":8.2485505,"train_acc":97.5824203491211,"val_acc":93.16239166259766,"train_loss":0.1396971195936203,"_timestamp":1.733044400490777e+09,"_step":19,"_wandb":{"runtime":8}}