{"_runtime":8.7232597,"_timestamp":1.7329783257355056e+09,"_step":19,"train_acc":95.51569366455078,"train_loss":0.28592267632484436,"_wandb":{"runtime":8},"val_loss":0.39685916900634766,"step":290,"val_acc":86.32478332519531}