{"step":7400,"train_acc":66.1148681640625,"_timestamp":1.7323869292202666e+09,"_wandb":{"runtime":44},"val_loss":0.6059690117835999,"val_acc":68.75,"_runtime":41.8386325,"_step":19,"train_loss":0.6384188532829285}