{"_runtime":22.1509352,"val_loss":0.36896437406539917,"step":290,"_timestamp":1.7330455692972682e+09,"train_acc":90.51724243164062,"val_acc":88.8888931274414,"train_loss":0.29001572728157043,"_wandb":{"runtime":22},"_step":19}