{"_runtime":8.1278602,"_step":19,"val_acc":84.61538696289062,"step":290,"train_acc":95.16483306884766,"val_loss":0.3373393714427948,"_wandb":{"runtime":8},"_timestamp":1.7330501527822347e+09,"train_loss":0.19928278028964996}