{"_timestamp":1.7329774011431575e+09,"_runtime":8.4144736,"val_acc":84.61538696289062,"_step":19,"val_loss":0.4419524669647217,"step":290,"train_loss":0.3188669681549072,"train_acc":93.4065933227539,"_wandb":{"runtime":8}}