{"_step":19,"_timestamp":1.7329744427533517e+09,"_wandb":{"runtime":21},"train_loss":0.5350632667541504,"val_loss":0.45613276958465576,"val_acc":84.61538696289062,"train_acc":70.68965148925781,"_runtime":21.6560116,"step":290}