{"train_loss":0.31578317284584045,"val_acc":83.76068115234375,"val_loss":0.3495329022407532,"_step":9,"_runtime":13.1134399,"train_acc":86.81318664550781,"_timestamp":1.7329722567217834e+09,"_wandb":{"runtime":13},"step":290}