{"step":290,"_timestamp":1.732972085266419e+09,"train_loss":0.2663354277610779,"val_loss":0.2857521176338196,"_step":9,"_runtime":12.9340894,"train_acc":88.13186645507812,"_wandb":{"runtime":13},"val_acc":88.03418731689453}