{"_timestamp":1.7330450847412047e+09,"train_acc":97.8448257446289,"val_loss":0.3694632947444916,"_wandb":{"runtime":22},"_runtime":22.0052893,"val_acc":87.17948913574219,"step":290,"_step":19,"train_loss":0.11602380871772766}