{"_wandb":{"runtime":21},"train_loss":0.1090608462691307,"_runtime":21.7045736,"train_acc":98.27586364746094,"val_acc":93.16239166259766,"val_loss":0.18450061976909637,"step":290,"_timestamp":1.7329736651483934e+09,"_step":19}