{"train_loss":0.26910400390625,"_step":19,"val_loss":0.29132646322250366,"_runtime":35.5624337,"train_acc":91.64835357666016,"_wandb":{"runtime":36},"step":290,"_timestamp":1.7330580861508884e+09,"val_acc":85.47008514404297}