{"step":290,"_runtime":51.6881316,"_wandb":{"runtime":51},"train_loss":0.1292503923177719,"val_acc":90.5982894897461,"_timestamp":1.7330668758544307e+09,"test_accuracy":0.7669902912621359,"val_loss":0.27290207147598267,"_step":20,"train_acc":97.41378784179688}