{"_step":19,"train_acc":95.0672607421875,"_wandb":{"runtime":36},"step":290,"val_loss":0.332497775554657,"_timestamp":1.7330465717531972e+09,"_runtime":35.4990438,"val_acc":85.47008514404297,"train_loss":0.19051142036914825}