{"step":290,"_timestamp":1.7329773227830317e+09,"train_acc":93.18681335449219,"train_loss":0.35040760040283203,"val_acc":80.34188079833984,"_runtime":8.4574346,"_step":19,"val_loss":0.47657403349876404,"_wandb":{"runtime":8}}