{"_step":19,"_timestamp":1.7329788357050142e+09,"step":290,"_wandb":{"runtime":21},"val_acc":81.19657897949219,"val_loss":0.3401302099227905,"_runtime":21.2790825,"train_loss":0.2944777309894562,"train_acc":87.69230651855469}