{"_timestamp":1.7330459487068946e+09,"train_loss":0.11835835874080658,"_step":19,"val_loss":0.27462875843048096,"val_acc":88.03418731689453,"step":290,"_runtime":34.4127011,"_wandb":{"runtime":35},"train_acc":97.80220031738281}