{"_timestamp":1.7330629255712574e+09,"val_loss":0.3318980634212494,"test_accuracy":0.7864077669902912,"train_loss":0.24921970069408417,"step":290,"_runtime":23.0619203,"_step":20,"train_acc":91.20879364013672,"_wandb":{"runtime":23},"val_acc":81.19657897949219}