{"val_acc":86.32478332519531,"train_loss":0.17436440289020538,"_step":19,"_timestamp":1.7330438697036974e+09,"val_loss":0.2940950393676758,"train_acc":96.26373291015625,"_runtime":8.4054405,"step":290,"_wandb":{"runtime":8}}