{"_runtime":21.2166326,"_wandb":{"runtime":21},"train_acc":93.18681335449219,"step":290,"val_acc":92.30769348144531,"val_loss":0.22975978255271912,"_step":19,"_timestamp":1.7329802877586591e+09,"train_loss":0.17774172127246857}