{"train_loss":0.3379882276058197,"step":232,"val_acc":86.32478332519531,"val_loss":0.3770614266395569,"_step":47,"train_acc":89.8901138305664,"_wandb":{"runtime":84},"_timestamp":1.7329018702377882e+09,"_runtime":83.5253385}