{"train_loss":0.25320756435394287,"val_acc":82.05128479003906,"step":290,"_runtime":21.2182695,"val_loss":0.4147528409957886,"_step":19,"_wandb":{"runtime":21},"_timestamp":1.7329792765826063e+09,"train_acc":91.92825317382812}