{"_runtime":35.5388444,"step":290,"_wandb":{"runtime":36},"_step":19,"train_loss":0.13655081391334534,"val_loss":0.3035450279712677,"_timestamp":1.7330582105214717e+09,"val_acc":87.17948913574219,"train_acc":97.80220031738281}