{"_timestamp":1.7330544841273625e+09,"_runtime":7.9306659,"train_loss":0.21775184571743011,"step":290,"_wandb":{"runtime":8},"val_acc":84.61538696289062,"val_loss":0.37828248739242554,"_step":19,"train_acc":94.06593322753906}