{"val_acc":82.9059829711914,"_step":19,"_timestamp":1.7330548954027684e+09,"_runtime":8.497844,"train_loss":0.44390666484832764,"_wandb":{"runtime":8},"val_loss":0.4986586570739746,"step":290,"train_acc":87.28448486328125}