{"_wandb":{"runtime":33},"Test_accuracy":0.8446601941747572,"_timestamp":1.73323468623674e+09,"_runtime":24.3375253,"_step":0}