{"_timestamp":1.733061769636626e+09,"_step":20,"_wandb":{"runtime":10},"step":290,"val_loss":0.37028542160987854,"_runtime":10.4935828,"train_loss":0.4040190279483795,"test_accuracy":0.7475728155339806,"train_acc":84.69828033447266,"val_acc":86.32478332519531}