{"_timestamp":1.7330476919096127e+09,"_runtime":35.6006812,"val_acc":87.17948913574219,"train_acc":98.43048858642578,"step":290,"_wandb":{"runtime":36},"val_loss":0.250942587852478,"train_loss":0.10197771340608597,"_step":19}