{"_wandb":{"runtime":22},"_step":19,"val_loss":0.257426381111145,"step":290,"_timestamp":1.73304467053371e+09,"train_loss":0.08624812960624695,"train_acc":98.27586364746094,"_runtime":22.2561802,"val_acc":88.8888931274414}