{"_step":20,"_runtime":51.373317,"val_acc":81.19657897949219,"val_loss":0.4022814631462097,"_wandb":{"runtime":51},"train_acc":92.74725341796875,"_timestamp":1.7330657957371268e+09,"step":290,"train_loss":0.244981586933136,"test_accuracy":0.7864077669902912}