{"train_acc":96.92308044433594,"test_accuracy":0.8252427184466019,"val_loss":0.3093830645084381,"_runtime":51.4735349,"_wandb":{"runtime":51},"_timestamp":1.733067159553046e+09,"_step":20,"val_acc":84.61538696289062,"train_loss":0.14494584500789642,"step":290}