{"_step":19,"train_loss":0.13719944655895233,"train_acc":94.84304809570312,"val_loss":0.4358024001121521,"_wandb":{"runtime":22},"_runtime":21.9536962,"_timestamp":1.7330449034934838e+09,"val_acc":81.19657897949219,"step":290}