{"_wandb":{"runtime":23},"_runtime":23.9591856,"val_loss":0.3078534007072449,"test_accuracy":0.8058252427184466,"val_acc":88.8888931274414,"train_acc":84.304931640625,"train_loss":0.37597185373306274,"_timestamp":1.7330621705267756e+09,"_step":20,"step":290}