{"_wandb":{"runtime":8},"_runtime":8.7216925,"train_loss":0.34618452191352844,"_step":19,"_timestamp":1.7330543849122996e+09,"val_acc":82.9059829711914,"train_acc":85.42601013183594,"val_loss":0.4183267652988434,"step":290}