{"_runtime":21.2325201,"val_loss":0.294141560792923,"train_loss":0.2580466568470001,"_wandb":{"runtime":21},"train_acc":90.80717468261719,"step":290,"_timestamp":1.7329796656585004e+09,"_step":19,"val_acc":88.8888931274414}