{"_wandb":{"runtime":8},"val_acc":87.17948913574219,"_runtime":8.3427704,"train_loss":0.3728732764720917,"val_loss":0.432574063539505,"_timestamp":1.7329778388962405e+09,"step":290,"_step":19,"train_acc":90.80717468261719}