{"val_acc":86.32478332519531,"test_accuracy":0.7961165048543689,"train_loss":0.10664262622594833,"_step":20,"train_acc":97.085205078125,"_timestamp":1.7330636553128889e+09,"_runtime":23.4345289,"_wandb":{"runtime":23},"val_loss":0.30649662017822266,"step":290}