{"_runtime":36.4936883,"_timestamp":1.7329827224792612e+09,"train_acc":94.28571319580078,"_wandb":{"runtime":37},"val_acc":88.03418731689453,"_step":19,"train_loss":0.21734128892421722,"val_loss":0.30204546451568604,"step":290}