{"_timestamp":1.7330503247326076e+09,"train_acc":94.94505310058594,"val_acc":80.34188079833984,"step":290,"val_loss":0.37707194685935974,"_runtime":8.1420831,"_wandb":{"runtime":8},"train_loss":0.16523757576942444,"_step":19}