{"_wandb":{"runtime":38},"val_acc":84.61538696289062,"train_acc":91.20879364013672,"_timestamp":1.7329839247517653e+09,"_step":19,"_runtime":37.6817264,"train_loss":0.2497069239616394,"step":290,"val_loss":0.33845195174217224}