{"train_loss":0.5094688534736633,"_wandb":{"runtime":10},"train_acc":79.34066009521484,"_timestamp":1.7330604123928201e+09,"_runtime":10.1754472,"val_acc":85.47008514404297,"val_loss":0.5068883299827576,"test_accuracy":0.7572815533980582,"step":290,"_step":20}