{"train_acc":94.06593322753906,"val_acc":82.05128479003906,"val_loss":0.4155545234680176,"step":290,"train_loss":0.31633925437927246,"_timestamp":1.7329778232869232e+09,"_wandb":{"runtime":8},"_step":19,"_runtime":8.4994992}