{"train_loss":0.14091910421848297,"val_acc":82.9059829711914,"_wandb":{"runtime":22},"_runtime":22.2338626,"val_loss":0.2794177234172821,"step":290,"_timestamp":1.733050626305183e+09,"_step":19,"train_acc":96.63677215576172}