{"_timestamp":1.7329777294864156e+09,"step":290,"val_loss":0.41576480865478516,"_runtime":8.5081321,"val_acc":85.47008514404297,"train_acc":92.74725341796875,"_step":19,"train_loss":0.34773072600364685,"_wandb":{"runtime":8}}