{"step":290,"_runtime":37.3669576,"train_loss":0.21032246947288513,"_wandb":{"runtime":38},"_step":19,"train_acc":93.04933166503906,"val_acc":91.45299530029297,"val_loss":0.23974443972110748,"_timestamp":1.7329816153325672e+09}