{"_runtime":23.4870153,"val_acc":94.01709747314453,"val_loss":0.2006692886352539,"_wandb":{"runtime":23},"train_acc":99.55156707763672,"_timestamp":1.733064048400093e+09,"_step":20,"train_loss":0.03183627128601074,"test_accuracy":0.8543689320388349,"step":290}