{"val_acc":67.85713958740234,"step":7400,"train_loss":0.6225453019142151,"_step":19,"val_loss":0.6109030842781067,"_timestamp":1.7323877071227515e+09,"_runtime":42.4906789,"_wandb":{"runtime":42},"train_acc":68.4290542602539}