{"val_loss":0.19059567153453827,"_step":19,"train_acc":99.78022003173828,"val_acc":94.01709747314453,"_timestamp":1.7329742876315742e+09,"train_loss":0.034367844462394714,"_wandb":{"runtime":22},"_runtime":22.0141742,"step":290}