{"val_acc":87.17948913574219,"_runtime":8.1024879,"val_loss":0.2589331865310669,"step":290,"_wandb":{"runtime":8},"train_acc":98.92241668701172,"train_loss":0.10888805240392685,"_timestamp":1.7330501371952627e+09,"_step":19}