{"_timestamp":1.7330694933661702e+09,"train_acc":100,"val_loss":0.2514757215976715,"_runtime":52.5816262,"test_accuracy":0.7087378640776699,"_step":20,"step":290,"val_acc":88.8888931274414,"train_loss":0.0263389702886343,"_wandb":{"runtime":52}}