{"train_acc":91.42857360839844,"_timestamp":1.733068410804498e+09,"val_loss":0.315472811460495,"test_accuracy":0.8058252427184466,"_step":20,"step":290,"train_loss":0.2870859205722809,"_wandb":{"runtime":51},"val_acc":86.32478332519531,"_runtime":51.5628109}