{"_step":19,"_runtime":8.070956,"train_loss":0.14394627511501312,"step":290,"_wandb":{"runtime":8},"train_acc":96.33621215820312,"val_loss":0.42652010917663574,"_timestamp":1.7330500850099673e+09,"val_acc":79.4871826171875}