{"_runtime":52.0640787,"train_acc":86.20689392089844,"val_loss":0.3084593415260315,"val_acc":91.45299530029297,"_timestamp":1.7330692081875486e+09,"_wandb":{"runtime":52},"test_accuracy":0.7864077669902912,"step":290,"_step":20,"train_loss":0.3675280213356018}