{"train_loss":0.2059020847082138,"val_loss":0.3069402277469635,"_wandb":{"runtime":21},"_step":19,"_runtime":20.9405244,"train_acc":93.49775695800781,"step":290,"_timestamp":1.7329799503720586e+09,"val_acc":88.8888931274414}