{"train_acc":97.75784301757812,"test_accuracy":0.7766990291262136,"val_acc":88.8888931274414,"step":290,"_wandb":{"runtime":52},"_runtime":52.7082975,"_timestamp":1.7330702334058917e+09,"val_loss":0.2658001482486725,"_step":20,"train_loss":0.12496960908174515}