{"step":290,"test_accuracy":0.7864077669902912,"_wandb":{"runtime":23},"train_loss":0.19891414046287537,"_runtime":23.2450723,"train_acc":91.92825317382812,"val_loss":0.18918700516223907,"_timestamp":1.7330637533774202e+09,"val_acc":92.30769348144531,"_step":20}