{"_timestamp":1.7330554759141836e+09,"_step":19,"_wandb":{"runtime":21},"_runtime":21.4230393,"train_loss":0.21295394003391266,"val_loss":0.16446876525878906,"val_acc":94.01709747314453,"step":290,"train_acc":91.86813354492188}