{"_wandb":{"runtime":21},"val_acc":91.45299530029297,"val_loss":0.224272683262825,"train_loss":0.14561165869235992,"step":290,"_step":19,"train_acc":95.47413635253906,"_timestamp":1.7329804955289624e+09,"_runtime":21.172414}