{"train_acc":95.82417297363281,"test_accuracy":0.8349514563106796,"train_loss":0.13918595016002655,"_runtime":23.6519451,"_step":20,"val_loss":0.30212488770484924,"_timestamp":1.733062071697669e+09,"_wandb":{"runtime":23},"val_acc":88.8888931274414,"step":290}