{"train_acc":87.47252655029297,"train_loss":0.35487234592437744,"_wandb":{"runtime":8},"step":290,"_runtime":8.2156362,"_step":19,"_timestamp":1.733054598790629e+09,"val_loss":0.4650583267211914,"val_acc":82.05128479003906}