{"_wandb":{"runtime":98},"Test_accuracy":0.8058252427184466,"_timestamp":1.7332980497399848e+09,"_runtime":27.3460815,"_step":0}