{"_timestamp":1.732978294531588e+09,"_step":19,"_runtime":8.9025375,"val_loss":0.43298062682151794,"val_acc":85.47008514404297,"step":290,"train_acc":92.67241668701172,"train_loss":0.3502563238143921,"_wandb":{"runtime":9}}