{"val_acc":91.45299530029297,"_step":19,"_runtime":39.2933407,"_wandb":{"runtime":40},"train_acc":93.49775695800781,"step":290,"val_loss":0.22382821142673492,"_timestamp":1.7329838798626153e+09,"train_loss":0.23795360326766968}