{"train_loss":0.21372349560260773,"_wandb":{"runtime":21},"train_acc":92.37667846679688,"val_loss":0.2565283179283142,"_step":19,"val_acc":88.8888931274414,"step":290,"_timestamp":1.7329796139057338e+09,"_runtime":21.2713357}