{"val_acc":88.03418731689453,"_step":19,"val_loss":0.28171876072883606,"_wandb":{"runtime":21},"train_acc":96.4835205078125,"_runtime":21.096832,"_timestamp":1.733055242497605e+09,"train_loss":0.1553889364004135,"step":290}