{"val_loss":0.41275209188461304,"train_acc":85.05494689941406,"train_loss":0.39987486600875854,"test_accuracy":0.7378640776699029,"val_acc":85.47008514404297,"_wandb":{"runtime":10},"_step":20,"step":290,"_runtime":10.0133614,"_timestamp":1.7330602288933094e+09}