{"val_loss":0.2923938035964966,"train_loss":0.2163974493741989,"_step":19,"_runtime":38.1933264,"val_acc":86.32478332519531,"_timestamp":1.7329845627795343e+09,"train_acc":93.18681335449219,"step":290,"_wandb":{"runtime":39}}