{"val_loss":0.40462246537208557,"test_accuracy":0.7766990291262136,"_runtime":23.424612,"train_acc":98.92241668701172,"train_loss":0.06927451491355896,"step":290,"_step":20,"val_acc":78.63247680664062,"_wandb":{"runtime":23},"_timestamp":1.733064105760214e+09}