{"_step":19,"_wandb":{"runtime":21},"train_loss":0.3335658311843872,"val_acc":88.8888931274414,"val_loss":0.25050586462020874,"_timestamp":1.7329735872325041e+09,"step":290,"train_acc":86.5934066772461,"_runtime":21.7529749}