{"test_accuracy":0.7766990291262136,"_step":20,"val_loss":0.25225988030433655,"step":290,"train_loss":0.12898004055023193,"train_acc":97.36264038085938,"_runtime":51.9852953,"_wandb":{"runtime":51},"val_acc":86.32478332519531,"_timestamp":1.7330688099043574e+09}