{"train_acc":96.92308044433594,"train_loss":0.14412334561347961,"_wandb":{"runtime":8},"val_loss":0.309710830450058,"_step":19,"_timestamp":1.7330500486058369e+09,"step":290,"_runtime":7.9952319,"val_acc":87.17948913574219}