{"_timestamp":1.7330639399627419e+09,"step":290,"train_acc":94.39461517333984,"train_loss":0.16545532643795013,"_step":20,"val_acc":88.03418731689453,"_runtime":23.2730338,"test_accuracy":0.8155339805825242,"val_loss":0.29484784603118896,"_wandb":{"runtime":23}}