{"val_loss":0.3362634479999542,"_wandb":{"runtime":8},"val_acc":86.32478332519531,"_runtime":8.1324939,"_step":19,"train_acc":96.70330047607422,"train_loss":0.14013506472110748,"_timestamp":1.7330505276112998e+09,"step":290}