{"_runtime":10.5835605,"_step":20,"_wandb":{"runtime":10},"test_accuracy":0.7669902912621359,"val_loss":0.4798165559768677,"train_loss":0.4957314729690552,"_timestamp":1.7330610831333365e+09,"step":290,"train_acc":76.04396057128906,"val_acc":80.34188079833984}