{"train_loss":0.06291884183883667,"_timestamp":1.733064618326324e+09,"_runtime":23.708517,"train_acc":99.35344696044922,"val_acc":88.03418731689453,"step":290,"_wandb":{"runtime":23},"_step":20,"val_loss":0.2943441569805145,"test_accuracy":0.7184466019417476}