{"val_loss":0.39929407835006714,"_step":19,"train_acc":92.52747344970703,"train_loss":0.2609288990497589,"_wandb":{"runtime":8},"val_acc":78.63247680664062,"_timestamp":1.733054552095662e+09,"step":290,"_runtime":8.2581244}