{"step":290,"_timestamp":1.732978939735887e+09,"_step":19,"train_loss":0.2503401041030884,"_runtime":21.417709,"train_acc":90.989013671875,"val_acc":90.5982894897461,"_wandb":{"runtime":21},"val_loss":0.23718145489692688}