{"_timestamp":1.7330658526513293e+09,"test_accuracy":0.7864077669902912,"_wandb":{"runtime":51},"_step":20,"val_loss":0.2205056995153427,"train_loss":0.15361341834068298,"train_acc":95.0672607421875,"_runtime":51.4759103,"step":290,"val_acc":88.8888931274414}