{"_wandb":{"runtime":23},"_runtime":23.4815267,"_step":20,"train_acc":100,"_timestamp":1.7330647838147397e+09,"step":290,"train_loss":0.0325964018702507,"val_acc":86.32478332519531,"test_accuracy":0.8155339805825242,"val_loss":0.27888423204421997}