{"_wandb":{"runtime":36},"_step":19,"_runtime":35.435073,"train_loss":0.15080705285072327,"train_acc":98.02198028564453,"val_acc":94.01709747314453,"val_loss":0.22477839887142181,"step":290,"_timestamp":1.7330471526721401e+09}