{"val_acc":88.03418731689453,"val_loss":0.22396732866764069,"train_loss":0.18472860753536224,"_runtime":21.4594819,"step":290,"_step":19,"_timestamp":1.7329792248499167e+09,"train_acc":94.39655303955078,"_wandb":{"runtime":21}}