{"step":290,"test_accuracy":0.7864077669902912,"val_acc":83.76068115234375,"val_loss":0.40319740772247314,"_timestamp":1.7330609580204966e+09,"_wandb":{"runtime":10},"_runtime":10.1711907,"train_acc":92.67241668701172,"train_loss":0.28822842240333557,"_step":20}