{"val_loss":0.35209953784942627,"train_loss":0.2080572098493576,"val_acc":86.32478332519531,"_runtime":36.2535262,"_timestamp":1.7329813449700406e+09,"_wandb":{"runtime":37},"_step":19,"train_acc":93.27354431152344,"step":290}