{"step":290,"_runtime":8.6584574,"_step":19,"_wandb":{"runtime":8},"_timestamp":1.732977526138909e+09,"val_acc":85.47008514404297,"val_loss":0.48885563015937805,"train_loss":0.4047822952270508,"train_acc":93.62637329101562}