{"_wandb":{"runtime":75},"Test_accuracy":0.8446601941747572,"_timestamp":1.7332353109510767e+09,"_runtime":24.6767511,"_step":0}