{"val_acc":88.03418731689453,"_wandb":{"runtime":21},"train_acc":97.14286041259766,"train_loss":0.09706015884876251,"val_loss":0.2749132812023163,"_runtime":21.620545,"_step":19,"step":290,"_timestamp":1.7329802622528713e+09}