{"train_acc":99.78022003173828,"step":290,"train_loss":0.08579462766647339,"val_acc":81.19657897949219,"val_loss":0.42421185970306396,"_step":19,"_wandb":{"runtime":8},"_runtime":8.5394756,"_timestamp":1.7330547393717985e+09}