{"_timestamp":1.733057256753815e+09,"train_acc":93.62637329101562,"_wandb":{"runtime":36},"val_loss":0.319381445646286,"val_acc":84.61538696289062,"step":290,"_runtime":35.3431292,"_step":19,"train_loss":0.217969611287117}