{"train_acc":90.08621215820312,"val_loss":0.3380787968635559,"train_loss":0.2607313096523285,"_step":19,"_runtime":22.0207532,"_timestamp":1.7330449553211305e+09,"step":290,"_wandb":{"runtime":22},"val_acc":84.61538696289062}