{"_step":19,"_runtime":20.970504,"train_loss":0.05201813578605652,"train_acc":99.78022003173828,"val_acc":76.92308044433594,"val_loss":0.5181996822357178,"step":290,"_wandb":{"runtime":21},"_timestamp":1.7329789911407466e+09}