{"_runtime":8.4373472,"val_loss":0.40928834676742554,"_wandb":{"runtime":8},"step":290,"val_acc":86.32478332519531,"_timestamp":1.732978012790668e+09,"_step":19,"train_acc":95.16483306884766,"train_loss":0.30897894501686096}