{"step":290,"_wandb":{"runtime":38},"_step":19,"train_acc":91.03138732910156,"_runtime":37.5569944,"val_acc":90.5982894897461,"train_loss":0.2669774293899536,"val_loss":0.25265663862228394,"_timestamp":1.732984017772415e+09}