{"train_acc":98.46154022216797,"val_acc":86.32478332519531,"step":290,"_step":19,"val_loss":0.3636777997016907,"_timestamp":1.7330472772108958e+09,"_wandb":{"runtime":36},"train_loss":0.11776972562074661,"_runtime":35.5281672}