{"val_loss":0.4295880198478699,"step":290,"train_acc":93.84615325927734,"_step":19,"_wandb":{"runtime":8},"_runtime":8.7752108,"val_acc":86.32478332519531,"train_loss":0.31952178478240967,"_timestamp":1.7329782320228505e+09}