{"train_acc":90.76923370361328,"train_loss":0.2638291120529175,"val_acc":82.9059829711914,"val_loss":0.3236672580242157,"_step":59,"_wandb":{"runtime":69},"step":290,"_timestamp":1.7329032585529723e+09,"_runtime":68.3238683}