{"val_acc":88.8888931274414,"step":290,"val_loss":0.3639052212238312,"_timestamp":1.7329765679994261e+09,"_step":19,"train_loss":0.19137099385261536,"train_acc":93.84615325927734,"_wandb":{"runtime":22},"_runtime":22.0260277}