{"step":290,"val_loss":0.4025658965110779,"_runtime":10.5121234,"_step":20,"_timestamp":1.7330618319677253e+09,"test_accuracy":0.7864077669902912,"train_acc":92.74725341796875,"val_acc":84.61538696289062,"_wandb":{"runtime":10},"train_loss":0.30831438302993774}