{"train_acc":95.38461303710938,"_step":19,"val_loss":0.2752831280231476,"_runtime":21.5416491,"_timestamp":1.7330554502157192e+09,"val_acc":85.47008514404297,"_wandb":{"runtime":21},"train_loss":0.17437534034252167,"step":290}