{"_runtime":26.746682,"val_loss":0.2681780159473419,"step":232,"_timestamp":1.7329000372156417e+09,"train_acc":84.83516693115234,"train_loss":0.36850470304489136,"_step":31,"val_acc":88.8888931274414,"_wandb":{"runtime":26}}