{"_step":19,"val_acc":92.30769348144531,"_runtime":36.1067078,"train_acc":93.9461898803711,"val_loss":0.2179420292377472,"_wandb":{"runtime":36},"_timestamp":1.732982804800278e+09,"train_loss":0.2059151828289032,"step":290}