{"val_loss":0.41368332505226135,"_step":20,"_wandb":{"runtime":23},"val_acc":83.76068115234375,"step":290,"_timestamp":1.7330648925397136e+09,"train_loss":0.4137572944164276,"train_acc":80.65933990478516,"_runtime":23.4270255,"test_accuracy":0.7961165048543689}