{"train_loss":0.15913113951683044,"val_loss":0.3997573256492615,"step":290,"_step":19,"val_acc":80.34188079833984,"train_acc":96.92308044433594,"_wandb":{"runtime":8},"_timestamp":1.733050309121511e+09,"_runtime":8.2206075}