{"_step":20,"test_accuracy":0.7961165048543689,"step":290,"_runtime":23.5130483,"_wandb":{"runtime":23},"_timestamp":1.7330644574823713e+09,"val_acc":91.45299530029297,"train_acc":99.34066009521484,"train_loss":0.04122874513268471,"val_loss":0.26812800765037537}