{"val_acc":86.32478332519531,"val_loss":0.41592085361480713,"_step":19,"_runtime":8.4220474,"train_loss":0.3252876400947571,"step":290,"_wandb":{"runtime":8},"train_acc":93.4065933227539,"_timestamp":1.7329774477609434e+09}