{"_step":19,"train_acc":93.4065933227539,"val_acc":86.32478332519531,"step":290,"val_loss":0.4250882565975189,"_runtime":8.2313327,"_timestamp":1.7329766061983144e+09,"train_loss":0.3306868076324463,"_wandb":{"runtime":8}}