{"train_acc":90.08621215820312,"_timestamp":1.7330613013006728e+09,"_step":20,"val_loss":0.4196830987930298,"_wandb":{"runtime":10},"_runtime":10.1566997,"val_acc":82.9059829711914,"train_loss":0.34423714876174927,"step":290,"test_accuracy":0.7766990291262136}