{"train_loss":0.032545726746320724,"_wandb":{"runtime":36},"_timestamp":1.7330568417365553e+09,"val_loss":0.2768233120441437,"train_acc":100,"step":290,"val_acc":85.47008514404297,"_runtime":35.3411764,"_step":19}