{"_step":20,"test_accuracy":0.7572815533980582,"_runtime":52.3886942,"val_acc":89.74359130859375,"val_loss":0.25902217626571655,"_timestamp":1.733065398825009e+09,"step":290,"_wandb":{"runtime":52},"train_acc":95.16483306884766,"train_loss":0.18503941595554352}