{"val_acc":88.03418731689453,"step":290,"train_loss":0.07741723209619522,"_wandb":{"runtime":52},"val_loss":0.3398466408252716,"_step":20,"train_acc":99.34066009521484,"_timestamp":1.733067786616228e+09,"_runtime":52.1307561,"test_accuracy":0.7864077669902912}