{"step":290,"_step":20,"val_acc":89.74359130859375,"_runtime":23.4635032,"_timestamp":1.7330642403252351e+09,"train_loss":0.09865409135818481,"test_accuracy":0.7572815533980582,"val_loss":0.29347628355026245,"_wandb":{"runtime":23},"train_acc":97.19828033447266}