{"val_loss":0.25475627183914185,"step":290,"_timestamp":1.733062234697703e+09,"_step":20,"train_loss":0.06962166726589203,"_runtime":26.1079469,"test_accuracy":0.7766990291262136,"val_acc":89.74359130859375,"train_acc":98.68132019042969,"_wandb":{"runtime":26}}