{"step":290,"train_acc":96.98275756835938,"val_loss":0.32234954833984375,"_timestamp":1.7329807292616768e+09,"_runtime":21.3449118,"val_acc":82.9059829711914,"_wandb":{"runtime":21},"_step":19,"train_loss":0.17846180498600006}