{"step":870,"_timestamp":1.7329035650990884e+09,"train_acc":100,"train_loss":0.012225925922393799,"val_loss":0.22693347930908203,"val_acc":90.5982894897461,"_step":29,"_wandb":{"runtime":30},"_runtime":30.7025919}