{"_runtime":8.2202925,"step":290,"_timestamp":1.7330444786706574e+09,"train_loss":0.15683560073375702,"val_acc":85.47008514404297,"_step":19,"_wandb":{"runtime":8},"train_acc":98.24176025390625,"val_loss":0.35078176856040955}