{"_runtime":8.1452991,"_step":19,"val_loss":0.29847171902656555,"train_acc":97.53363037109375,"val_acc":90.5982894897461,"_wandb":{"runtime":8},"_timestamp":1.7330443223893065e+09,"step":290,"train_loss":0.14874175190925598}