{"train_acc":92.96703338623047,"step":290,"_wandb":{"runtime":8},"train_loss":0.3428111970424652,"_step":19,"val_acc":82.05128479003906,"val_loss":0.45690205693244934,"_runtime":8.8122605,"_timestamp":1.7329784507038658e+09}