{"val_loss":0.14202596247196198,"step":290,"_timestamp":1.7332556053162684e+09,"val_acc":93.16239166259766,"_step":59,"train_acc":100,"_runtime":66.2279482,"train_loss":0.02387193590402603,"_wandb":{"runtime":67}}