{"step":290,"_wandb":{"runtime":8},"train_loss":0.17964977025985718,"_step":19,"_timestamp":1.7330443382836463e+09,"_runtime":8.4549942,"val_acc":89.74359130859375,"train_acc":95.82417297363281,"val_loss":0.28336477279663086}