{"train_loss":0.15236236155033112,"_runtime":35.5181818,"val_acc":90.5982894897461,"val_loss":0.23287168145179749,"step":290,"_step":19,"_wandb":{"runtime":36},"_timestamp":1.7330476504320443e+09,"train_acc":97.19828033447266}