{"val_acc":83.76068115234375,"val_loss":0.29695630073547363,"_wandb":{"runtime":38},"train_acc":92.9011001586914,"train_loss":0.20513181388378143,"step":870,"_runtime":37.8229676,"_timestamp":1.7327331284816604e+09,"_step":2}