{"_runtime":10.4735104,"val_loss":0.42456939816474915,"train_acc":78.9011001586914,"step":290,"_step":20,"test_accuracy":0.7281553398058253,"val_acc":81.19657897949219,"train_loss":0.4224323034286499,"_wandb":{"runtime":10},"_timestamp":1.7330611296704674e+09}