{"test_accuracy":0.8155339805825242,"_timestamp":1.7330607089995947e+09,"_runtime":10.5386388,"train_loss":0.11020797491073608,"_step":20,"val_loss":0.38308948278427124,"train_acc":97.5824203491211,"val_acc":85.47008514404297,"_wandb":{"runtime":10},"step":290}