{"val_acc":84.61538696289062,"train_acc":94.06593322753906,"train_loss":0.23171895742416382,"_runtime":36.1115135,"_wandb":{"runtime":36},"val_loss":0.3689531087875366,"step":290,"_step":19,"_timestamp":1.732982225350566e+09}