{"test_accuracy":0.7669902912621359,"_timestamp":1.7330600102131157e+09,"train_acc":93.27354431152344,"val_loss":0.39612889289855957,"step":290,"val_acc":82.05128479003906,"_runtime":10.1371957,"_wandb":{"runtime":10},"_step":20,"train_loss":0.2705003023147583}