{"val_acc":87.17948913574219,"_runtime":8.418103,"_step":19,"_timestamp":1.73297730699225e+09,"train_acc":94.06593322753906,"train_loss":0.2914367914199829,"step":290,"_wandb":{"runtime":8},"val_loss":0.3804795444011688}