{"val_loss":0.3562653660774231,"_step":20,"test_accuracy":0.8058252427184466,"_timestamp":1.7330638417211268e+09,"_wandb":{"runtime":23},"step":290,"val_acc":81.19657897949219,"_runtime":23.303175,"train_loss":0.25924113392829895,"train_acc":89.010986328125}