{"_timestamp":1.733067900459812e+09,"test_accuracy":0.7961165048543689,"_step":20,"train_loss":0.031560804694890976,"val_acc":94.01709747314453,"val_loss":0.17628999054431915,"step":290,"_runtime":52.3399369,"train_acc":100,"_wandb":{"runtime":52}}