{"step":290,"_timestamp":1.7330557087395465e+09,"train_loss":0.4296940863132477,"val_loss":0.3736192286014557,"val_acc":86.32478332519531,"_wandb":{"runtime":21},"_step":19,"_runtime":21.1651948,"train_acc":81.61434936523438}