{"val_acc":82.05128479003906,"val_loss":0.34123289585113525,"_timestamp":1.7329719553723092e+09,"_step":9,"train_loss":0.29918617010116577,"_runtime":12.8155571,"train_acc":88.36206817626953,"step":290,"_wandb":{"runtime":12}}