{"step":290,"_runtime":22.006087,"val_acc":88.03418731689453,"_wandb":{"runtime":22},"_timestamp":1.7330451364688923e+09,"val_loss":0.3091793954372406,"train_loss":0.3909878432750702,"_step":19,"train_acc":80.71748352050781}