{"train_loss":0.186373770236969,"_wandb":{"runtime":21},"_step":19,"_timestamp":1.7329806772160451e+09,"train_acc":94.18103790283203,"val_acc":84.61538696289062,"_runtime":21.2139501,"val_loss":0.3205919861793518,"step":290}