{"_runtime":35.5129641,"_step":19,"train_loss":0.11249738931655884,"step":290,"val_loss":0.2552034258842468,"val_acc":90.5982894897461,"_wandb":{"runtime":36},"_timestamp":1.733047028390309e+09,"train_acc":98.70689392089844}