{"train_loss":0.5120548009872437,"val_acc":86.32478332519531,"_runtime":8.6481807,"step":290,"val_loss":0.48935583233833313,"_step":19,"_timestamp":1.733054406225414e+09,"_wandb":{"runtime":8},"train_acc":70.76923370361328}