{"val_acc":90.5982894897461,"step":290,"train_acc":95.16483306884766,"_step":19,"_timestamp":1.7330557602703507e+09,"train_loss":0.16325141489505768,"_wandb":{"runtime":21},"val_loss":0.19825072586536407,"_runtime":20.9431341}