{"step":290,"train_loss":0.3471701145172119,"_runtime":8.4342232,"train_acc":88.78923797607422,"_step":19,"val_acc":83.76068115234375,"_timestamp":1.7330542388093517e+09,"val_loss":0.44071128964424133,"_wandb":{"runtime":8}}