{"val_loss":0.24039430916309357,"_wandb":{"runtime":36},"val_acc":86.32478332519531,"train_loss":0.17984940111637115,"_runtime":35.4040843,"_timestamp":1.7330474845247684e+09,"step":290,"_step":19,"train_acc":95.16483306884766}