{"val_loss":0.3193940818309784,"step":290,"_runtime":8.4567389,"val_acc":88.03418731689453,"_step":19,"train_acc":96.70330047607422,"train_loss":0.1558494120836258,"_timestamp":1.7330438227703874e+09,"_wandb":{"runtime":8}}