{"train_loss":0.06985394656658173,"_wandb":{"runtime":22},"_runtime":21.9314145,"_step":19,"val_loss":0.3780776262283325,"step":290,"_timestamp":1.7330558392979612e+09,"val_acc":86.32478332519531,"train_acc":99.34066009521484}