{"val_loss":0.3422279953956604,"_runtime":21.7164549,"train_acc":92.52747344970703,"step":290,"_step":19,"_timestamp":1.7330562535121336e+09,"val_acc":80.34188079833984,"_wandb":{"runtime":21},"train_loss":0.24163219332695007}