{"val_acc":85.47008514404297,"val_loss":0.30352672934532166,"step":290,"_runtime":52.2897842,"_step":20,"_timestamp":1.7330688669910603e+09,"test_accuracy":0.7766990291262136,"_wandb":{"runtime":52},"train_acc":87.9120864868164,"train_loss":0.32141968607902527}