{"_timestamp":1.733050480676667e+09,"train_loss":0.17639033496379852,"step":290,"_wandb":{"runtime":8},"val_loss":0.37208428978919983,"_step":19,"val_acc":81.19657897949219,"_runtime":8.110586,"train_acc":96.12068939208984}