{"_wandb":{"runtime":30},"Test_accuracy":0.8543689320388349,"_timestamp":1.733255277130525e+09,"_runtime":26.0736084,"_step":0}