{"val_acc":81.19657897949219,"val_loss":0.3734872341156006,"train_loss":0.24161025881767273,"train_acc":92.0879135131836,"_step":19,"_timestamp":1.7329832304374473e+09,"_runtime":37.6349829,"_wandb":{"runtime":38},"step":290}