{"train_loss":0.06008796766400337,"val_acc":89.74359130859375,"test_accuracy":0.7475728155339806,"_wandb":{"runtime":52},"_step":20,"_timestamp":1.733067502472445e+09,"train_acc":99.78448486328125,"val_loss":0.2612368166446686,"_runtime":52.0098928,"step":290}