{"_timestamp":1.7329734066155775e+09,"_step":19,"val_loss":0.283642441034317,"train_loss":0.11578187346458435,"val_acc":88.03418731689453,"step":290,"_runtime":22.600654,"_wandb":{"runtime":22},"train_acc":97.36264038085938}