{"test_accuracy":0.7669902912621359,"_step":20,"val_acc":80.34188079833984,"_wandb":{"runtime":52},"_runtime":52.2130389,"val_loss":0.3934675455093384,"train_loss":0.1779807060956955,"_timestamp":1.733069549930719e+09,"train_acc":94.06593322753906,"step":290}