{"val_acc":81.19657897949219,"train_acc":89.23076629638672,"train_loss":0.3451436460018158,"_wandb":{"runtime":10},"_step":20,"step":290,"_runtime":10.1684731,"val_loss":0.41447922587394714,"test_accuracy":0.7961165048543689,"_timestamp":1.7330601195233102e+09}