{"val_loss":0.33238860964775085,"train_acc":98.68132019042969,"_step":20,"train_loss":0.1096646785736084,"test_accuracy":0.7864077669902912,"_runtime":52.0542461,"val_acc":87.17948913574219,"_timestamp":1.733068980677419e+09,"_wandb":{"runtime":52},"step":290}