{"_step":19,"val_acc":89.74359130859375,"_wandb":{"runtime":8},"val_loss":0.43664151430130005,"step":290,"_runtime":8.6819162,"train_acc":95.47413635253906,"_timestamp":1.732978106768622e+09,"train_loss":0.3194999694824219}