{"_step":19,"val_acc":85.47008514404297,"step":290,"train_loss":0.1551612913608551,"val_loss":0.2846935987472534,"_wandb":{"runtime":8},"_runtime":8.4654738,"train_acc":97.5824203491211,"_timestamp":1.7330442914959948e+09}