{"train_acc":86.37362670898438,"train_loss":0.3162338137626648,"_wandb":{"runtime":21},"val_acc":90.5982894897461,"_runtime":21.6683306,"_timestamp":1.7329734835519438e+09,"_step":19,"val_loss":0.27762603759765625,"step":290}