{"train_acc":94.61206817626953,"train_loss":0.20874883234500885,"_runtime":36.554278,"_wandb":{"runtime":37},"step":290,"_step":19,"val_loss":0.28002941608428955,"_timestamp":1.7329848148396282e+09,"val_acc":88.03418731689453}