{"_step":19,"_timestamp":1.7330562016981802e+09,"train_loss":0.3248751759529114,"val_acc":85.47008514404297,"val_loss":0.3418422043323517,"train_acc":87.03296661376953,"step":290,"_wandb":{"runtime":21},"_runtime":21.6684384}