{"val_loss":0.3081263303756714,"_wandb":{"runtime":37},"_runtime":36.3288045,"_step":19,"val_acc":86.32478332519531,"_timestamp":1.7330583353337834e+09,"train_acc":96.98275756835938,"train_loss":0.10350660979747772,"step":290}