{"train_loss":0.2813006043434143,"val_acc":88.8888931274414,"val_loss":0.2957445979118347,"_step":19,"_timestamp":1.7329743650005426e+09,"train_acc":91.20879364013672,"_wandb":{"runtime":21},"_runtime":21.6525437,"step":290}