{"step":1850,"val_loss":0.6621884107589722,"train_acc":59.27364730834961,"_wandb":{"runtime":16},"_timestamp":1.7323763840682046e+09,"_runtime":16.1015455,"_step":4,"train_loss":0.6734589338302612,"val_acc":66.07142639160156}