{"train_acc":99.56044006347656,"_wandb":{"runtime":51},"test_accuracy":0.7961165048543689,"train_loss":0.06911236047744751,"_timestamp":1.733066591639698e+09,"val_acc":94.01709747314453,"step":290,"val_loss":0.17118878662586212,"_runtime":51.6465409,"_step":20}