{"val_loss":0.37218713760375977,"_step":5,"train_acc":96.17582702636719,"train_loss":0.32943129539489746,"_runtime":17.0027267,"_timestamp":1.7327348231366484e+09,"_wandb":{"runtime":17},"step":870,"val_acc":87.17948913574219}