{"_runtime":8.6516543,"val_acc":85.47008514404297,"val_loss":0.460362046957016,"train_loss":0.33905091881752014,"step":290,"_timestamp":1.7329781694537034e+09,"_wandb":{"runtime":8},"_step":19,"train_acc":93.18681335449219}