{"test_accuracy":0.7669902912621359,"train_acc":96.12068939208984,"val_acc":91.45299530029297,"val_loss":0.3102596700191498,"_step":20,"step":290,"_runtime":51.0692637,"_wandb":{"runtime":51},"_timestamp":1.7330657385500267e+09,"train_loss":0.15620110929012299}