{"train_loss":0.2977641820907593,"_wandb":{"runtime":21},"val_loss":0.2781941890716553,"train_acc":89.010986328125,"_timestamp":1.7330553203656907e+09,"_runtime":21.1873535,"step":290,"_step":19,"val_acc":86.32478332519531}