{"_timestamp":1.7330503559180412e+09,"_step":19,"val_acc":86.32478332519531,"val_loss":0.3349643647670746,"step":290,"_wandb":{"runtime":8},"train_loss":0.15381284058094025,"_runtime":8.1057056,"train_acc":96.70330047607422}