{"_step":19,"train_acc":92.52747344970703,"step":290,"train_loss":0.23933441936969757,"val_loss":0.3888205289840698,"val_acc":84.61538696289062,"_wandb":{"runtime":37},"_timestamp":1.7329814696894233e+09,"_runtime":36.8539471}