{"step":290,"_runtime":35.7709359,"_step":19,"train_loss":0.1347149759531021,"val_acc":88.8888931274414,"_wandb":{"runtime":36},"train_acc":96.92308044433594,"_timestamp":1.7330469042077086e+09,"val_loss":0.27017277479171753}