{"val_acc":85.47008514404297,"_timestamp":1.733061114625366e+09,"_wandb":{"runtime":10},"_runtime":10.9896229,"_step":20,"test_accuracy":0.7766990291262136,"val_loss":0.4270872473716736,"train_loss":0.36392712593078613,"step":290,"train_acc":91.25560760498047}