{"_step":20,"step":290,"_wandb":{"runtime":10},"_runtime":10.3785904,"train_loss":0.45944613218307495,"train_acc":80.21977996826172,"val_loss":0.533222496509552,"test_accuracy":0.7572815533980582,"val_acc":78.63247680664062,"_timestamp":1.7330617069986844e+09}