{"val_acc":78.63247680664062,"_timestamp":1.7329782633204587e+09,"_wandb":{"runtime":8},"train_acc":92.96703338623047,"train_loss":0.32853659987449646,"_step":19,"val_loss":0.4757005572319031,"step":290,"_runtime":8.8361578}