{"val_loss":0.3983862102031708,"train_acc":90.94828033447266,"val_acc":89.74359130859375,"train_loss":0.39067134261131287,"_timestamp":1.733054301324227e+09,"_wandb":{"runtime":8},"_runtime":8.2790813,"step":290,"_step":19}