{"val_loss":0.46025198698043823,"step":290,"_runtime":21.5710837,"_step":19,"train_loss":0.5159427523612976,"train_acc":71.524658203125,"_wandb":{"runtime":21},"_timestamp":1.7330554243523967e+09,"val_acc":84.61538696289062}