{"val_loss":0.4239807426929474,"_wandb":{"runtime":8},"_step":19,"step":290,"_timestamp":1.7329776824607759e+09,"train_acc":95.16483306884766,"train_loss":0.3088032007217407,"val_acc":81.19657897949219,"_runtime":8.5302225}