{"_step":20,"train_loss":0.21787579357624054,"val_acc":89.74359130859375,"_timestamp":1.7330696636573544e+09,"train_acc":93.96551513671875,"_wandb":{"runtime":52},"val_loss":0.23749862611293793,"step":290,"_runtime":52.2645502,"test_accuracy":0.7961165048543689}