{"step":290,"train_acc":98.65470886230469,"_runtime":22.3004829,"train_loss":0.09145765751600266,"val_loss":0.3669441044330597,"_step":19,"_timestamp":1.732973276890293e+09,"_wandb":{"runtime":22},"val_acc":84.61538696289062}