{"train_acc":92.96703338623047,"train_loss":0.2396269291639328,"step":290,"_runtime":21.2881718,"val_acc":88.03418731689453,"_wandb":{"runtime":21},"val_loss":0.32266294956207275,"_timestamp":1.732979717507412e+09,"_step":19}