{"step":290,"train_loss":0.13071542978286743,"val_loss":0.3692771792411804,"_runtime":8.3875121,"_timestamp":1.7330504497495005e+09,"_step":19,"train_acc":98.46154022216797,"val_acc":82.9059829711914,"_wandb":{"runtime":8}}