{"train_loss":0.0364726297557354,"train_acc":99.56044006347656,"val_loss":0.24296334385871887,"_wandb":{"runtime":51},"val_acc":88.8888931274414,"_timestamp":1.7330672745200636e+09,"_step":20,"step":290,"test_accuracy":0.7864077669902912,"_runtime":51.9130767}