{"train_acc":95.0672607421875,"_wandb":{"runtime":8},"step":290,"train_loss":0.3399805426597595,"_timestamp":1.7329784194875474e+09,"_runtime":8.8172915,"_step":19,"val_loss":0.4193691909313202,"val_acc":87.17948913574219}