{"train_loss":0.3375717103481293,"_wandb":{"runtime":8},"_step":19,"step":290,"_runtime":8.582688600000001,"train_acc":94.17040252685547,"val_acc":82.05128479003906,"val_loss":0.4511864185333252,"_timestamp":1.7329782162261417e+09}