{"train_acc":94.39461517333984,"_wandb":{"runtime":37},"val_loss":0.30946359038352966,"_step":19,"val_acc":85.47008514404297,"step":290,"_runtime":36.4363454,"_timestamp":1.7329812624828503e+09,"train_loss":0.23559559881687164}