{"step":290,"_step":19,"val_acc":88.03418731689453,"_wandb":{"runtime":37},"_runtime":36.6778637,"train_acc":95.47413635253906,"_timestamp":1.7329850635128593e+09,"train_loss":0.1893633008003235,"val_loss":0.34725692868232727}