{"_wandb":{"runtime":23},"val_loss":0.2414742112159729,"_runtime":23.3051826,"train_acc":94.61206817626953,"_timestamp":1.7330630132474327e+09,"_step":20,"step":290,"test_accuracy":0.7766990291262136,"val_acc":88.8888931274414,"train_loss":0.18831555545330048}