{"test_accuracy":0.7669902912621359,"val_loss":0.388774037361145,"_timestamp":1.7330614743947117e+09,"_runtime":11.5434377,"train_loss":0.3346974551677704,"step":290,"_wandb":{"runtime":11},"_step":20,"val_acc":84.61538696289062,"train_acc":86.81318664550781}