{"train_loss":0.15529155731201172,"_wandb":{"runtime":8},"val_loss":0.3566882014274597,"train_acc":96.76724243164062,"_runtime":8.35919,"step":290,"val_acc":86.32478332519531,"_timestamp":1.7330505434782412e+09,"_step":19}