{"train_acc":91.20879364013672,"step":290,"_timestamp":1.733050600397156e+09,"_wandb":{"runtime":22},"_step":19,"val_loss":0.256435364484787,"val_acc":90.5982894897461,"train_loss":0.2695753574371338,"_runtime":22.1961359}