{"_step":20,"_runtime":10.5103756,"val_acc":80.34188079833984,"train_acc":95.73991394042969,"step":290,"train_loss":0.21955829858779907,"val_loss":0.3889691233634949,"_timestamp":1.7330601823511126e+09,"test_accuracy":0.8058252427184466,"_wandb":{"runtime":10}}