{"_step":19,"val_acc":80.34188079833984,"train_acc":91.92825317382812,"_runtime":8.6624227,"train_loss":0.33430367708206177,"step":290,"_wandb":{"runtime":8},"_timestamp":1.7329781380467398e+09,"val_loss":0.47459936141967773}