{"train_loss":0.39854875206947327,"val_loss":0.45079919695854187,"step":290,"_wandb":{"runtime":21},"_timestamp":1.7329737431187148e+09,"val_acc":80.34188079833984,"train_acc":84.17582702636719,"_runtime":21.7692333,"_step":19}