{"_timestamp":1.733061691342887e+09,"train_acc":98.43048858642578,"_runtime":10.3132348,"val_loss":0.2953077554702759,"test_accuracy":0.7864077669902912,"_wandb":{"runtime":10},"train_loss":0.10560551285743713,"val_acc":86.32478332519531,"step":290,"_step":20}