{"_timestamp":1.733063458769167e+09,"train_loss":0.3057083189487457,"val_loss":0.3391760587692261,"_runtime":23.6586798,"_step":20,"train_acc":85.77586364746094,"test_accuracy":0.8058252427184466,"_wandb":{"runtime":23},"step":290,"val_acc":88.8888931274414}