{"_timestamp":1.7329808589116108e+09,"train_loss":0.06745868921279907,"val_acc":81.19657897949219,"_step":19,"train_acc":98.46154022216797,"step":290,"_wandb":{"runtime":21},"_runtime":21.4711948,"val_loss":0.49741309881210327}