{"_wandb":{"runtime":51},"_runtime":51.9629495,"val_loss":0.2412625551223755,"_timestamp":1.7330677297357676e+09,"train_loss":0.014281561598181725,"_step":20,"train_acc":100,"val_acc":90.5982894897461,"step":290,"test_accuracy":0.8155339805825242}