{"train_loss":0.1910521239042282,"step":290,"_timestamp":1.733066477802385e+09,"val_acc":82.9059829711914,"val_loss":0.3028281033039093,"train_acc":94.5054931640625,"_runtime":51.4291782,"test_accuracy":0.7766990291262136,"_step":20,"_wandb":{"runtime":51}}