{"_timestamp":1.7330447486318603e+09,"val_acc":83.76068115234375,"train_loss":0.2888171076774597,"val_loss":0.37545308470726013,"step":290,"_wandb":{"runtime":22},"_step":19,"_runtime":22.5020636,"train_acc":90.10989379882812}