{"_runtime":21.5172068,"_step":19,"_timestamp":1.7329738465369265e+09,"train_acc":99.10314178466797,"val_loss":0.28416043519973755,"train_loss":0.05929141119122505,"_wandb":{"runtime":21},"step":290,"val_acc":85.47008514404297}