{"train_loss":0.23308607935905457,"val_acc":86.32478332519531,"test_accuracy":0.8058252427184466,"_runtime":23.5525688,"_wandb":{"runtime":23},"step":290,"val_loss":0.29694610834121704,"_timestamp":1.7330650843755827e+09,"train_acc":90.989013671875,"_step":20}