{"step":290,"_runtime":21.2550665,"_wandb":{"runtime":21},"_timestamp":1.7329793805443716e+09,"val_acc":84.61538696289062,"_step":19,"train_acc":82.19779968261719,"val_loss":0.4373188018798828,"train_loss":0.4345315396785736}