{"val_loss":0.27139127254486084,"train_loss":0.22645145654678345,"_step":19,"_timestamp":1.732976664133248e+09,"train_acc":95.0672607421875,"step":290,"_runtime":34.8758079,"_wandb":{"runtime":35},"val_acc":84.61538696289062}