{"_step":11,"train_acc":91.86813354492188,"train_loss":0.23478835821151733,"val_loss":0.4091489315032959,"step":870,"_runtime":36.7147282,"_wandb":{"runtime":36},"_timestamp":1.7328872863687837e+09,"val_acc":82.9059829711914}