{"train_acc":98.2062759399414,"_wandb":{"runtime":21},"val_acc":84.61538696289062,"val_loss":0.2869257628917694,"_step":19,"train_loss":0.09670941531658173,"_runtime":21.3746197,"step":290,"_timestamp":1.7329804698375921e+09}