{"train_acc":76.04396057128906,"_runtime":22.8347114,"val_loss":0.3758419156074524,"step":290,"val_acc":84.61538696289062,"train_loss":0.447463721036911,"_timestamp":1.7330445935680554e+09,"_step":19,"_wandb":{"runtime":22}}