{"_runtime":23.7194884,"train_loss":0.143619567155838,"_wandb":{"runtime":23},"step":290,"_timestamp":1.733055032516327e+09,"val_acc":83.76068115234375,"val_loss":0.5050677061080933,"_step":19,"train_acc":97.14286041259766}