{"train_acc":94.5054931640625,"train_loss":0.17373499274253845,"step":870,"_runtime":35.7555487,"val_loss":0.20505265891551971,"_timestamp":1.7327327752823544e+09,"_step":2,"val_acc":92.30769348144531,"_wandb":{"runtime":35}}