{"_runtime":22.0199218,"_wandb":{"runtime":22},"step":290,"_step":19,"train_loss":0.1533111333847046,"val_acc":85.47008514404297,"train_acc":95.47413635253906,"val_loss":0.3468884229660034,"_timestamp":1.7330453073469257e+09}