{"step":290,"val_acc":76.92308044433594,"train_acc":94.17040252685547,"train_loss":0.23191848397254944,"_timestamp":1.7330543166896806e+09,"_step":19,"_wandb":{"runtime":8},"_runtime":8.0748339,"val_loss":0.43152397871017456}