{"train_acc":97.53363037109375,"_step":19,"step":290,"_runtime":35.4642956,"val_loss":0.18112283945083618,"_timestamp":1.7330462392551496e+09,"val_acc":94.87179565429688,"_wandb":{"runtime":36},"train_loss":0.15084907412528992}