{"_runtime":22.4282253,"_wandb":{"runtime":22},"train_acc":98.27586364746094,"step":290,"train_loss":0.09973447769880295,"_timestamp":1.7329733028701258e+09,"val_acc":89.74359130859375,"_step":19,"val_loss":0.27557671070098877}