{"test_accuracy":0.7766990291262136,"step":290,"_timestamp":1.7330674452564082e+09,"_runtime":51.6387412,"train_acc":89.23766326904297,"_wandb":{"runtime":51},"val_acc":89.74359130859375,"train_loss":0.2764395475387573,"val_loss":0.302144318819046,"_step":20}