{"val_loss":0.31396982073783875,"_step":19,"_timestamp":1.732983053937582e+09,"val_acc":88.8888931274414,"train_acc":91.64835357666016,"step":290,"_wandb":{"runtime":37},"train_loss":0.2580123543739319,"_runtime":36.7713758}