{"val_loss":0.2663683593273163,"_step":19,"_runtime":22.8250689,"train_acc":96.33621215820312,"train_loss":0.14670582115650177,"val_acc":88.8888931274414,"step":290,"_wandb":{"runtime":22},"_timestamp":1.733053772140682e+09}