{"_step":19,"train_loss":0.24465638399124146,"_runtime":36.6794084,"train_acc":92.52747344970703,"val_loss":0.3082522749900818,"val_acc":89.74359130859375,"_wandb":{"runtime":37},"_timestamp":1.732982971051449e+09,"step":290}