{"val_loss":0.24883508682250977,"step":290,"train_acc":93.18681335449219,"train_loss":0.20545914769172668,"_timestamp":1.7330447221479797e+09,"_wandb":{"runtime":22},"val_acc":88.03418731689453,"_runtime":21.9099991,"_step":19}