{"train_acc":94.5054931640625,"step":290,"_wandb":{"runtime":8},"_step":19,"val_loss":0.35563623905181885,"_timestamp":1.733043978761711e+09,"train_loss":0.20542140305042267,"val_acc":86.32478332519531,"_runtime":8.2666374}