{"_runtime":58.3644174,"step":232,"_timestamp":1.7332974124608226e+09,"val_loss":0.4478593170642853,"_wandb":{"runtime":59},"_step":47,"train_acc":99.77578735351562,"val_acc":82.9059829711914,"train_loss":0.03231598436832428}