{"_wandb":{"runtime":51},"val_acc":88.8888931274414,"_runtime":51.6991515,"val_loss":0.37075936794281006,"_step":20,"step":290,"_timestamp":1.7330659667187154e+09,"train_acc":76.92308044433594,"train_loss":0.40243369340896606,"test_accuracy":0.7669902912621359}