{"val_acc":88.8888931274414,"_runtime":39.1403342,"step":290,"_timestamp":1.7329842518619244e+09,"_step":19,"_wandb":{"runtime":39},"val_loss":0.33659982681274414,"train_loss":0.22974887490272522,"train_acc":92.67241668701172}