{"_step":19,"train_acc":89.43965148925781,"val_acc":87.17948913574219,"_wandb":{"runtime":37},"step":290,"_timestamp":1.7329828879750504e+09,"val_loss":0.31049439311027527,"train_loss":0.2733762860298157,"_runtime":36.4120193}