{"step":290,"val_loss":0.24559301137924194,"_runtime":52.1105904,"_timestamp":1.7330693220476964e+09,"test_accuracy":0.7864077669902912,"_wandb":{"runtime":52},"_step":20,"val_acc":90.5982894897461,"train_acc":99.78022003173828,"train_loss":0.045890096575021744}