{"_wandb":{"runtime":22},"val_acc":88.03418731689453,"val_loss":0.24859802424907684,"_runtime":22.1077091,"_step":19,"step":290,"_timestamp":1.7330448260255132e+09,"train_acc":90.80717468261719,"train_loss":0.22222541272640228}