{"val_acc":92.30769348144531,"_step":19,"train_loss":0.23721730709075928,"val_loss":0.2310343086719513,"_wandb":{"runtime":37},"_timestamp":1.7329846078332129e+09,"train_acc":92.37667846679688,"_runtime":36.7616627,"step":290}