{"val_loss":0.3995552659034729,"step":290,"train_loss":0.47226929664611816,"val_acc":84.61538696289062,"_timestamp":1.7329741319348707e+09,"train_acc":75.43103790283203,"_runtime":21.7589132,"_step":19,"_wandb":{"runtime":21}}