{"_runtime":15.9137218,"train_loss":0.3504704535007477,"test_accuracy":0.7475728155339806,"_wandb":{"runtime":15},"val_acc":82.9059829711914,"_step":20,"_timestamp":1.7330603663191128e+09,"train_acc":87.47252655029297,"val_loss":0.38462033867836,"step":290}