{"_runtime":21.7674713,"train_loss":0.027460740879178047,"train_acc":100,"val_acc":87.17948913574219,"_wandb":{"runtime":21},"step":290,"_timestamp":1.7329803659944625e+09,"_step":19,"val_loss":0.37482398748397827}