{"val_loss":0.2639867663383484,"train_acc":93.4065933227539,"val_acc":88.03418731689453,"step":290,"train_loss":0.17955543100833893,"_runtime":21.8924211,"_wandb":{"runtime":21},"_step":19,"_timestamp":1.7330448517038999e+09}