{"_step":19,"step":290,"_wandb":{"runtime":36},"val_acc":89.74359130859375,"train_acc":98.65470886230469,"train_loss":0.048650387674570084,"_runtime":35.5176931,"val_loss":0.25665611028671265,"_timestamp":1.7330567590633738e+09}