{"_timestamp":1.7330605217788706e+09,"_step":20,"val_loss":0.32702526450157166,"train_acc":92.52747344970703,"test_accuracy":0.7961165048543689,"val_acc":90.5982894897461,"_wandb":{"runtime":10},"step":290,"_runtime":10.3489386,"train_loss":0.264960914850235}