{"val_acc":84.61538696289062,"_runtime":35.3445585,"val_loss":0.32276150584220886,"_timestamp":1.7330473185518649e+09,"_wandb":{"runtime":36},"_step":19,"train_loss":0.14603744447231293,"step":290,"train_acc":97.14286041259766}