{"test_accuracy":0.7572815533980582,"_timestamp":1.7330600726941411e+09,"_step":20,"val_acc":82.9059829711914,"train_loss":0.21663829684257507,"step":290,"_wandb":{"runtime":10},"train_acc":94.72527313232422,"val_loss":0.3258539140224457,"_runtime":10.1624022}