{"train_loss":0.006203583907335997,"_timestamp":1.7330571740643628e+09,"val_acc":86.32478332519531,"_runtime":35.8984125,"_step":19,"train_acc":100,"_wandb":{"runtime":36},"step":290,"val_loss":0.4052181839942932}