{"_step":19,"_timestamp":1.7329744951949005e+09,"train_loss":0.0469026044011116,"val_acc":88.8888931274414,"_runtime":22.301501000000002,"step":290,"val_loss":0.2029525488615036,"train_acc":99.56044006347656,"_wandb":{"runtime":22}}