{"test_accuracy":0.7864077669902912,"_wandb":{"runtime":51},"_runtime":51.2073637,"_timestamp":1.7330665343593287e+09,"_step":20,"val_acc":91.45299530029297,"val_loss":0.28655874729156494,"step":290,"train_acc":98.65470886230469,"train_loss":0.10918785631656647}