{"_step":19,"_timestamp":1.7329775417236607e+09,"train_acc":94.17040252685547,"_runtime":8.5172111,"step":290,"train_loss":0.28365013003349304,"val_loss":0.4016784727573395,"val_acc":88.03418731689453,"_wandb":{"runtime":8}}