{"_runtime":29.3305411,"_step":0,"_wandb":{"runtime":62},"Test_accuracy":0.7864077669902912,"_timestamp":1.7332977803569741e+09}