{"_timestamp":1.7330646854106965e+09,"val_acc":81.19657897949219,"_step":20,"test_accuracy":0.7572815533980582,"step":290,"_runtime":23.6318954,"train_acc":92.30769348144531,"train_loss":0.20879332721233368,"_wandb":{"runtime":23},"val_loss":0.38002097606658936}