{"_runtime":36.9167487,"train_acc":95.25862121582031,"train_loss":0.2200869917869568,"step":290,"val_loss":0.31290408968925476,"_timestamp":1.7329847321483958e+09,"_step":19,"val_acc":88.03418731689453,"_wandb":{"runtime":37}}