{"train_loss":0.1710348129272461,"test_accuracy":0.7864077669902912,"val_acc":86.32478332519531,"val_loss":0.2740801274776459,"step":290,"_runtime":52.1467562,"_step":20,"_wandb":{"runtime":52},"_timestamp":1.7330699486035903e+09,"train_acc":94.94505310058594}