{"_runtime":23.4790942,"val_acc":89.74359130859375,"_timestamp":1.7330638777562702e+09,"val_loss":0.32541292905807495,"_step":20,"test_accuracy":0.7766990291262136,"_wandb":{"runtime":23},"train_acc":93.04933166503906,"train_loss":0.2087613344192505,"step":290}