{"train_loss":0.307650625705719,"step":290,"_runtime":12.768933,"_timestamp":1.7329716537929842e+09,"_wandb":{"runtime":12},"val_loss":0.36390918493270874,"train_acc":87.47252655029297,"val_acc":86.32478332519531,"_step":9}