{"step":290,"_runtime":8.7008716,"train_loss":0.3054501414299011,"_timestamp":1.7329780911796544e+09,"val_acc":79.4871826171875,"val_loss":0.44666165113449097,"_wandb":{"runtime":8},"_step":19,"train_acc":94.82758331298828}