{"_wandb":{"runtime":63},"val_acc":80.34188079833984,"_step":59,"train_loss":0.126150980591774,"_runtime":62.7001884,"val_loss":0.35006284713745117,"train_acc":96.70330047607422,"_timestamp":1.7330408635154645e+09,"step":290}