{"_timestamp":1.7332975952392461e+09,"_runtime":27.2605853,"_step":0,"_wandb":{"runtime":33},"Test_accuracy":0.7184466019417476}