{"train_loss":0.2729390263557434,"_step":19,"train_acc":92.52747344970703,"_wandb":{"runtime":8},"val_acc":76.06837463378906,"val_loss":0.422096312046051,"_timestamp":1.7330543324639864e+09,"step":290,"_runtime":8.2970976}