{"_timestamp":1.7330669891413362e+09,"_runtime":51.4779922,"train_acc":99.32735443115234,"step":290,"_wandb":{"runtime":51},"_step":20,"val_loss":0.25574982166290283,"test_accuracy":0.7766990291262136,"train_loss":0.08728491514921188,"val_acc":86.32478332519531}