{"val_acc":88.03418731689453,"_runtime":23.4426309,"_wandb":{"runtime":23},"train_acc":96.4835205078125,"val_loss":0.23253455758094788,"train_loss":0.13568173348903656,"test_accuracy":0.7961165048543689,"step":290,"_step":20,"_timestamp":1.7330645820632138e+09}