{"val_acc":87.17948913574219,"_timestamp":1.7329771035510597e+09,"train_acc":91.42857360839844,"val_loss":0.47424212098121643,"_wandb":{"runtime":8},"step":290,"_step":19,"train_loss":0.43413564562797546,"_runtime":8.2627653}