{"step":290,"train_loss":0.41736146807670593,"_step":20,"train_acc":89.8901138305664,"val_acc":90.5982894897461,"_wandb":{"runtime":10},"_timestamp":1.7330616136084423e+09,"val_loss":0.41983988881111145,"test_accuracy":0.7378640776699029,"_runtime":10.4529414}