{"_wandb":{"runtime":22},"_step":19,"train_loss":0.1488572061061859,"_timestamp":1.733050755583897e+09,"step":290,"train_acc":94.94505310058594,"val_loss":0.27520737051963806,"val_acc":84.61538696289062,"_runtime":22.1361465}