{"_runtime":10.4783311,"_timestamp":1.7330607869309092e+09,"test_accuracy":0.8155339805825242,"_wandb":{"runtime":10},"val_loss":0.3903235197067261,"train_acc":94.5054931640625,"step":290,"_step":20,"val_acc":82.05128479003906,"train_loss":0.20361964404582977}