{"_runtime":8.4124996,"train_loss":0.14225827157497406,"train_acc":97.80220031738281,"_wandb":{"runtime":8},"_step":19,"val_loss":0.3700578212738037,"val_acc":84.61538696289062,"step":290,"_timestamp":1.733044228884786e+09}