{"_timestamp":1.7330604596699882e+09,"_runtime":10.5298551,"train_loss":0.45163634419441223,"_step":20,"_wandb":{"runtime":10},"val_acc":87.17948913574219,"step":290,"test_accuracy":0.7766990291262136,"val_loss":0.45288190245628357,"train_acc":82.85714721679688}