{"train_acc":96.4835205078125,"_timestamp":1.733049923643127e+09,"_runtime":8.0183228,"train_loss":0.15211379528045654,"val_acc":82.05128479003906,"val_loss":0.3527573049068451,"step":290,"_wandb":{"runtime":8},"_step":19}