{"val_acc":84.61538696289062,"_runtime":21.2787917,"step":290,"train_acc":90.54945373535156,"_wandb":{"runtime":21},"val_loss":0.3513374328613281,"_timestamp":1.732980313713774e+09,"train_loss":0.25128209590911865,"_step":19}