{"_step":20,"val_acc":78.63247680664062,"_runtime":51.6775917,"train_loss":0.05420698970556259,"_wandb":{"runtime":51},"step":290,"_timestamp":1.7330656822264748e+09,"test_accuracy":0.7378640776699029,"val_loss":0.3912775218486786,"train_acc":99.55156707763672}