{"step":290,"_wandb":{"runtime":23},"_step":20,"val_acc":86.32478332519531,"val_loss":0.48310357332229614,"_runtime":23.4217531,"test_accuracy":0.7475728155339806,"train_loss":0.0840819701552391,"train_acc":97.80220031738281,"_timestamp":1.733062739373099e+09}