{"step":290,"val_acc":76.92308044433594,"_step":19,"val_loss":0.4724334478378296,"train_loss":0.3487631678581238,"_runtime":8.5374097,"_wandb":{"runtime":8},"train_acc":92.96703338623047,"_timestamp":1.732978559820871e+09}