{"_timestamp":1.73306016611663e+09,"_step":20,"train_loss":0.281146764755249,"val_loss":0.34100770950317383,"_runtime":9.8597461,"val_acc":86.32478332519531,"step":290,"_wandb":{"runtime":9},"test_accuracy":0.7669902912621359,"train_acc":91.42857360839844}