{"step":290,"_timestamp":1.733057215161792e+09,"val_acc":86.32478332519531,"_wandb":{"runtime":36},"val_loss":0.3103567957878113,"train_loss":0.15936729311943054,"_step":19,"train_acc":97.14286041259766,"_runtime":35.406925}